ts, snap_count, snap_bytes, snap_avg_ex_recv_ms, snap_avg_recv_write_ms, snap_max_ex_recv_ms, snap_max_recv_write_ms, trade_count, trade_bytes, trade_avg_ex_recv_ms, trade_avg_recv_write_ms, trade_max_ex_recv_ms, trade_max_recv_write_ms
1761504879, 0, 0, 0, 0, 0, 0, 0, 0, 0, 0, 0, 0
1761504880, 0, 0, 0, 0, 0, 0, 0, 0, 0, 0, 0, 0
1761504881, 0, 0, 0, 0, 0, 0, 0, 0, 0, 0, 0, 0
1761504882, 0, 0, 0, 0, 0, 0, 0, 0, 0, 0, 0, 0
1761504883, 0, 0, 0, 0, 0, 0, 0, 0, 0, 0, 0, 0
1761504884, 0, 0, 0, 0, 0, 0, 0, 0, 0, 0, 0, 0
1761504885, 0, 0, 0, 0, 0, 0, 0, 0, 0, 0, 0, 0
1761504886, 0, 0, 0, 0, 0, 0, 0, 0, 0, 0, 0, 0
1761504887, 0, 0, 0, 0, 0, 0, 0, 0, 0, 0, 0, 0
1761504888, 0, 0, 0, 0, 0, 0, 0, 0, 0, 0, 0, 0
1761504889, 0, 0, 0, 0, 0, 0, 0, 0, 0, 0, 0, 0
1761504890, 0, 0, 0, 0, 0, 0, 0, 0, 0, 0, 0, 0
1761504891, 0, 0, 0, 0, 0, 0, 0, 0, 0, 0, 0, 0
1761504892, 0, 0, 0, 0, 0, 0, 0, 0, 0, 0, 0, 0
1761504893, 0, 0, 0, 0, 0, 0, 0, 0, 0, 0, 0, 0
1761504894, 0, 0, 0, 0, 0, 0, 0, 0, 0, 0, 0, 0
1761504895, 0, 0, 0, 0, 0, 0, 0, 0, 0, 0, 0, 0
1761504896, 0, 0, 0, 0, 0, 0, 0, 0, 0, 0, 0, 0
1761504897, 0, 0, 0, 0, 0, 0, 0, 0, 0, 0, 0, 0
1761504898, 0, 0, 0, 0, 0, 0, 0, 0, 0, 0, 0, 0
1761504899, 0, 0, 0, 0, 0, 0, 0, 0, 0, 0, 0, 0
1761504900, 0, 0, 0, 0, 0, 0, 0, 0, 0, 0, 0, 0
1761504901, 0, 0, 0, 0, 0, 0, 0, 0, 0, 0, 0, 0
1761504902, 0, 0, 0, 0, 0, 0, 0, 0, 0, 0, 0, 0
1761504903, 0, 0, 0, 0, 0, 0, 0, 0, 0, 0, 0, 0
1761504904, 0, 0, 0, 0, 0, 0, 0, 0, 0, 0, 0, 0
1761504905, 0, 0, 0, 0, 0, 0, 0, 0, 0, 0, 0, 0
1761504906, 0, 0, 0, 0, 0, 0, 0, 0, 0, 0, 0, 0
1761504907, 0, 0, 0, 0, 0, 0, 0, 0, 0, 0, 0, 0
1761504908, 0, 0, 0, 0, 0, 0, 0, 0, 0, 0, 0, 0
1761504909, 0, 0, 0, 0, 0, 0, 0, 0, 0, 0, 0, 0
1761504910, 0, 0, 0, 0, 0, 0, 0, 0, 0, 0, 0, 0
1761504911, 0, 0, 0, 0, 0, 0, 0, 0, 0, 0, 0, 0
1761504912, 0, 0, 0, 0, 0, 0, 0, 0, 0, 0, 0, 0
1761504913, 0, 0, 0, 0, 0, 0, 0, 0, 0, 0, 0, 0
1761504914, 0, 0, 0, 0, 0, 0, 0, 0, 0, 0, 0, 0
1761504915, 0, 0, 0, 0, 0, 0, 0, 0, 0, 0, 0, 0
1761504916, 0, 0, 0, 0, 0, 0, 0, 0, 0, 0, 0, 0
1761504917, 0, 0, 0, 0, 0, 0, 0, 0, 0, 0, 0, 0
1761504918, 0, 0, 0, 0, 0, 0, 0, 0, 0, 0, 0, 0
1761504919, 0, 0, 0, 0, 0, 0, 0, 0, 0, 0, 0, 0
1761504920, 0, 0, 0, 0, 0, 0, 0, 0, 0, 0, 0, 0
1761504921, 0, 0, 0, 0, 0, 0, 0, 0, 0, 0, 0, 0
1761504922, 0, 0, 0, 0, 0, 0, 0, 0, 0, 0, 0, 0
1761504923, 0, 0, 0, 0, 0, 0, 0, 0, 0, 0, 0, 0
1761504924, 0, 0, 0, 0, 0, 0, 0, 0, 0, 0, 0, 0
1761504925, 0, 0, 0, 0, 0, 0, 0, 0, 0, 0, 0, 0
1761504926, 0, 0, 0, 0, 0, 0, 0, 0, 0, 0, 0, 0
1761504927, 0, 0, 0, 0, 0, 0, 0, 0, 0, 0, 0, 0
1761504928, 0, 0, 0, 0, 0, 0, 0, 0, 0, 0, 0, 0
1761504929, 0, 0, 0, 0, 0, 0, 0, 0, 0, 0, 0, 0
1761504930, 0, 0, 0, 0, 0, 0, 0, 0, 0, 0, 0, 0
1761504931, 0, 0, 0, 0, 0, 0, 0, 0, 0, 0, 0, 0
1761504932, 0, 0, 0, 0, 0, 0, 0, 0, 0, 0, 0, 0
1761504933, 0, 0, 0, 0, 0, 0, 0, 0, 0, 0, 0, 0
1761504934, 0, 0, 0, 0, 0, 0, 0, 0, 0, 0, 0, 0
1761504935, 0, 0, 0, 0, 0, 0, 0, 0, 0, 0, 0, 0
1761504936, 0, 0, 0, 0, 0, 0, 0, 0, 0, 0, 0, 0
1761504937, 0, 0, 0, 0, 0, 0, 0, 0, 0, 0, 0, 0
1761504938, 0, 0, 0, 0, 0, 0, 0, 0, 0, 0, 0, 0
1761504939, 0, 0, 0, 0, 0, 0, 0, 0, 0, 0, 0, 0
1761504940, 0, 0, 0, 0, 0, 0, 0, 0, 0, 0, 0, 0
1761504941, 0, 0, 0, 0, 0, 0, 0, 0, 0, 0, 0, 0
1761504942, 0, 0, 0, 0, 0, 0, 0, 0, 0, 0, 0, 0
1761504943, 0, 0, 0, 0, 0, 0, 0, 0, 0, 0, 0, 0
1761504944, 0, 0, 0, 0, 0, 0, 0, 0, 0, 0, 0, 0
1761504945, 824, 33386, 0, 13, 0, 263, 175, 12850, 0, 0, 0, 0
1761504946, 2634, 112834, 0, 67, 0, 897, 363, 29322, 0, 0, 0, 0
1761504947, 3259, 94642, 0, 80, 0, 1636, 463, 37181, 0, 0, 0, 0
1761504948, 2327, 69374, 0, 142, 0, 2340, 496, 42362, 0, 0, 0, 0
1761504949, 2871, 91289, 0, 239, 0, 2985, 478, 43984, 0, 0, 0, 0
1761504950, 2934, 82058, 0, 251, 0, 3981, 624, 35999, 0, 0, 0, 0
1761504951, 2036, 75236, 0, 472, 0, 4577, 481, 40854, 0, 0, 0, 0
1761504952, 3286, 85050, 0, 348, 0, 5289, 493, 42619, 0, 0, 0, 0
1761504953, 2210, 76268, 0, 579, 0, 6023, 614, 42574, 0, 0, 0, 0
1761504954, 2290, 71779, 0, 571, 0, 6539, 503, 49017, 0, 0, 0, 0
1761504955, 2307, 75985, 0, 641, 0, 7364, 419, 43283, 0, 0, 0, 0
1761504956, 2213, 73464, 0, 724, 0, 7987, 381, 34350, 0, 0, 0, 0
1761504957, 2989, 82145, 0, 650, 0, 8798, 562, 52889, 0, 0, 0, 0
1761504958, 2885, 78943, 0, 714, 0, 9524, 468, 45385, 0, 0, 0, 0
1761504959, 2570, 79892, 0, 865, 0, 10207, 468, 39146, 0, 0, 0, 0
1761504960, 2614, 77254, 0, 877, 0, 10964, 494, 43706, 0, 0, 0, 0
1761504961, 3546, 76507, 0, 584, 0, 11479, 546, 42204, 0, 0, 0, 0
1761504962, 2924, 79192, 0, 874, 0, 12427, 487, 49213, 0, 0, 0, 0
1761504963, 2102, 74543, 0, 1361, 0, 13314, 450, 33606, 0, 0, 0, 0
1761504964, 1989, 82986, 0, 1738, 0, 13682, 387, 38725, 0, 0, 0, 0
1761504965, 3263, 85166, 0, 959, 0, 14395, 754, 41000, 0, 0, 0, 0
1761504966, 6310, 396380, 0, 2969, 0, 14690, 1452, 157005, 0, 0, 0, 0
1761504967, 6894, 580203, 0, 3554, 0, 14139, 706, 61173, 0, 0, 0, 0
1761504968, 5777, 577817, 0, 2904, 0, 10639, 531, 45434, 0, 0, 0, 0
1761504969, 5998, 523713, 0, 1723, 0, 7565, 591, 50649, 0, 0, 0, 0
1761504970, 6661, 388002, 0, 165, 0, 2240, 1014, 87491, 0, 0, 0, 0
1761504971, 4353, 217414, 0, 0, 0, 16, 470, 40300, 0, 0, 0, 0
1761504972, 3056, 149833, 0, 0, 0, 8, 410, 35242, 0, 0, 0, 0
1761504973, 2785, 140236, 0, 0, 0, 23, 302, 25791, 0, 0, 0, 0
1761504974, 2599, 130045, 0, 4, 0, 89, 737, 61496, 0, 0, 0, 0
1761504975, 5467, 232462, 0, 7, 0, 140, 2277, 201853, 0, 0, 0, 0
1761504976, 8273, 398699, 0, 17, 0, 231, 1056, 90263, 0, 0, 0, 0
1761504977, 7420, 344965, 0, 3, 0, 64, 1012, 87102, 0, 0, 0, 0
1761504978, 3117, 168209, 0, 3, 0, 54, 476, 41112, 0, 0, 0, 0
1761504979, 6366, 268850, 0, 3, 0, 93, 1304, 111985, 0, 0, 0, 0
1761504980, 3577, 208453, 0, 1, 0, 26, 382, 32407, 0, 0, 0, 0
1761504981, 5685, 231172, 0, 5, 0, 160, 2766, 163071, 0, 0, 0, 0
1761504982, 10746, 412986, 0, 13, 0, 251, 1858, 236406, 0, 0, 0, 0
1761504983, 8878, 475531, 0, 19, 0, 192, 1272, 108792, 0, 0, 0, 0
1761504984, 5859, 341945, 0, 9, 0, 107, 466, 40217, 0, 0, 0, 0
1761504985, 4365, 248730, 0, 2, 0, 50, 550, 47095, 0, 0, 0, 0
1761504986, 4067, 232055, 0, 4, 0, 74, 363, 30801, 0, 0, 0, 0
1761504987, 2854, 183800, 0, 5, 0, 99, 391, 34381, 0, 0, 0, 0
1761504988, 2308, 114851, 0, 0, 0, 20, 586, 50137, 0, 0, 0, 0
1761504989, 3178, 142165, 0, 0, 0, 33, 628, 55277, 0, 0, 0, 0
1761504990, 2320, 94991, 0, 0, 0, 12, 278, 24188, 0, 0, 0, 0
1761504991, 3082, 132016, 0, 0, 0, 11, 430, 37013, 0, 0, 0, 0
1761504992, 2154, 103985, 0, 0, 0, 9, 440, 38350, 0, 0, 0, 0
1761504993, 2632, 116090, 0, 5, 0, 99, 491, 41140, 0, 0, 0, 0
1761504994, 3557, 162641, 0, 1, 0, 48, 893, 77811, 0, 0, 0, 0
1761504995, 2320, 106024, 0, 0, 0, 31, 382, 32949, 0, 0, 0, 0
1761504996, 2043, 103257, 0, 0, 0, 31, 306, 26812, 0, 0, 0, 0
1761504997, 2041, 102463, 0, 0, 0, 10, 330, 28377, 0, 0, 0, 0
1761504998, 3681, 170868, 0, 3, 0, 79, 612, 52773, 0, 0, 0, 0
1761504999, 3808, 147279, 0, 0, 0, 18, 482, 41013, 0, 0, 0, 0
1761505000, 5896, 241511, 0, 3, 0, 104, 1340, 114775, 0, 0, 0, 0
1761505001, 2960, 157193, 0, 1, 0, 34, 526, 45551, 0, 0, 0, 0
1761505002, 2592, 125564, 0, 1, 0, 44, 322, 28019, 0, 0, 0, 0
1761505003, 2540, 96069, 0, 0, 0, 16, 246, 21036, 0, 0, 0, 0
1761505004, 1708, 66964, 0, 0, 0, 7, 180, 15474, 0, 0, 0, 0
1761505005, 6364, 282656, 0, 1, 0, 59, 1282, 109576, 0, 0, 0, 0
1761505006, 5982, 252751, 0, 3, 0, 94, 1288, 110595, 0, 0, 0, 0
1761505007, 4969, 213374, 0, 7, 0, 227, 1795, 142370, 0, 0, 0, 0
1761505008, 5394, 236900, 0, 6, 0, 196, 1049, 101746, 0, 0, 0, 0
1761505009, 4387, 196458, 0, 1, 0, 32, 660, 56723, 0, 0, 0, 0
1761505010, 3510, 159017, 0, 2, 0, 58, 606, 52105, 0, 0, 0, 0
1761505011, 4123, 186760, 0, 2, 0, 59, 446, 38369, 0, 0, 0, 0
1761505012, 3382, 147950, 0, 0, 0, 22, 330, 28115, 0, 0, 0, 0
1761505013, 2601, 134943, 0, 1, 0, 35, 500, 42949, 0, 0, 0, 0
1761505014, 3757, 163298, 0, 3, 0, 61, 588, 50422, 0, 0, 0, 0
1761505015, 5039, 246791, 0, 4, 0, 90, 526, 45742, 0, 0, 0, 0
1761505016, 3964, 180736, 0, 2, 0, 40, 294, 25258, 0, 0, 0, 0
1761505017, 5302, 250599, 0, 8, 0, 180, 1366, 118929, 0, 0, 0, 0
1761505018, 5409, 269231, 0, 7, 0, 120, 1092, 95156, 0, 0, 0, 0
1761505019, 3520, 179111, 0, 1, 0, 35, 472, 40807, 0, 0, 0, 0
1761505020, 4313, 216033, 0, 1, 0, 45, 631, 53501, 0, 0, 0, 0
1761505021, 4409, 194016, 0, 0, 0, 25, 899, 78429, 0, 0, 0, 0
1761505022, 3912, 190112, 0, 2, 0, 57, 710, 60813, 0, 0, 0, 0
1761505023, 7855, 293474, 0, 5, 0, 148, 2272, 160484, 0, 0, 0, 0
1761505024, 7058, 318496, 0, 18, 0, 280, 1742, 186863, 0, 0, 0, 0
1761505025, 3744, 179282, 0, 0, 0, 22, 412, 35376, 0, 0, 0, 0
1761505026, 6530, 293861, 0, 9, 0, 157, 1105, 94668, 0, 0, 0, 0
1761505027, 4713, 277179, 0, 7, 0, 99, 1256, 107175, 0, 0, 0, 0
1761505028, 4141, 222851, 0, 2, 0, 62, 545, 46823, 0, 0, 0, 0
1761505029, 2710, 139390, 0, 1, 0, 30, 344, 29398, 0, 0, 0, 0
1761505030, 2488, 108549, 0, 2, 0, 48, 190, 16230, 0, 0, 0, 0
1761505031, 3591, 170454, 0, 0, 0, 18, 392, 33538, 0, 0, 0, 0
1761505032, 2521, 131775, 0, 3, 0, 48, 524, 44926, 0, 0, 0, 0
1761505033, 3436, 187433, 0, 3, 0, 55, 710, 59878, 0, 0, 0, 0
1761505034, 3441, 151944, 0, 1, 0, 25, 702, 62699, 0, 0, 0, 0
1761505035, 3471, 181906, 0, 1, 0, 25, 378, 32403, 0, 0, 0, 0
1761505036, 2475, 127229, 0, 1, 0, 34, 254, 21681, 0, 0, 0, 0
1761505037, 3225, 185231, 0, 1, 0, 32, 384, 32782, 0, 0, 0, 0
1761505038, 3580, 186404, 0, 3, 0, 77, 478, 40859, 0, 0, 0, 0
1761505039, 2550, 123866, 0, 0, 0, 18, 372, 31969, 0, 0, 0, 0
1761505040, 2428, 121491, 0, 1, 0, 26, 350, 29862, 0, 0, 0, 0
1761505041, 4168, 162280, 0, 1, 0, 25, 664, 57126, 0, 0, 0, 0
1761505042, 2496, 119273, 0, 0, 0, 24, 380, 32355, 0, 0, 0, 0
1761505043, 4770, 222181, 0, 2, 0, 71, 1511, 124222, 0, 0, 0, 0
1761505044, 4974, 233583, 0, 4, 0, 63, 1878, 166931, 0, 0, 0, 0
1761505045, 8340, 362176, 0, 17, 0, 319, 873, 78845, 0, 0, 0, 0
1761505046, 4031, 198957, 0, 1, 0, 34, 680, 58601, 0, 0, 0, 0
1761505047, 3053, 162317, 0, 2, 0, 53, 374, 32135, 0, 0, 0, 0
1761505048, 7125, 234765, 0, 2, 0, 86, 2795, 168288, 0, 0, 0, 0
1761505049, 7808, 341585, 0, 23, 0, 340, 1303, 184243, 0, 0, 0, 0
1761505050, 5838, 220380, 0, 5, 0, 108, 1618, 139453, 0, 0, 0, 0
1761505051, 3851, 215592, 0, 9, 0, 177, 634, 54188, 0, 0, 0, 0
1761505052, 2688, 101774, 0, 1, 0, 25, 370, 31610, 0, 0, 0, 0
1761505053, 3054, 132712, 0, 1, 0, 40, 526, 44883, 0, 0, 0, 0
1761505054, 3719, 167782, 0, 1, 0, 48, 592, 50906, 0, 0, 0, 0
1761505055, 3574, 182695, 0, 1, 0, 27, 330, 28295, 0, 0, 0, 0
1761505056, 3169, 173308, 0, 1, 0, 29, 212, 18295, 0, 0, 0, 0
1761505057, 2942, 143700, 0, 1, 0, 38, 618, 53144, 0, 0, 0, 0
1761505058, 2084, 90835, 0, 2, 0, 42, 200, 17199, 0, 0, 0, 0
1761505059, 4246, 201191, 0, 1, 0, 34, 534, 46488, 0, 0, 0, 0
1761505060, 2804, 149864, 0, 3, 0, 61, 251, 21515, 0, 0, 0, 0
1761505061, 3280, 167794, 0, 1, 0, 25, 345, 29544, 0, 0, 0, 0
1761505062, 2329, 98958, 0, 1, 0, 40, 660, 57527, 0, 0, 0, 0
1761505063, 4093, 204194, 0, 6, 0, 98, 626, 53797, 0, 0, 0, 0
1761505064, 2234, 108481, 0, 2, 0, 32, 248, 21368, 0, 0, 0, 0
1761505065, 2362, 118653, 0, 1, 0, 29, 406, 35249, 0, 0, 0, 0
1761505066, 2180, 103877, 0, 2, 0, 44, 320, 27482, 0, 0, 0, 0
1761505067, 2455, 118330, 0, 2, 0, 39, 256, 22052, 0, 0, 0, 0
1761505068, 2363, 116483, 0, 2, 0, 33, 312, 26922, 0, 0, 0, 0
1761505069, 2963, 136537, 0, 1, 0, 42, 504, 43415, 0, 0, 0, 0
1761505070, 1207, 60360, 0, 0, 0, 12, 174, 14929, 0, 0, 0, 0
1761505071, 2995, 135928, 0, 1, 0, 40, 384, 32830, 0, 0, 0, 0
1761505072, 2888, 147005, 0, 1, 0, 27, 454, 39009, 0, 0, 0, 0
1761505073, 1345, 67332, 0, 0, 0, 8, 196, 16788, 0, 0, 0, 0
1761505074, 1684, 71420, 0, 0, 0, 22, 544, 47756, 0, 0, 0, 0
1761505075, 2192, 106992, 0, 0, 0, 15, 366, 31744, 0, 0, 0, 0
1761505076, 1992, 82891, 0, 0, 0, 8, 466, 39654, 0, 0, 0, 0
1761505077, 2526, 132548, 0, 1, 0, 24, 346, 29622, 0, 0, 0, 0
1761505078, 2805, 129114, 0, 1, 0, 32, 488, 41978, 0, 0, 0, 0
1761505079, 2202, 107409, 0, 0, 0, 16, 456, 38935, 0, 0, 0, 0
1761505080, 3688, 187832, 0, 1, 0, 29, 524, 45016, 0, 0, 0, 0
1761505081, 4037, 188702, 0, 1, 0, 37, 648, 55524, 0, 0, 0, 0
1761505082, 4194, 178926, 0, 1, 0, 26, 1718, 149888, 0, 0, 0, 0
1761505083, 4228, 204091, 0, 3, 0, 57, 634, 54752, 0, 0, 0, 0
1761505084, 4535, 222306, 0, 3, 0, 55, 612, 52372, 0, 0, 0, 0
1761505085, 2781, 148500, 0, 1, 0, 38, 412, 35078, 0, 0, 0, 0
1761505086, 2564, 127354, 0, 1, 0, 30, 360, 30846, 0, 0, 0, 0
1761505087, 2428, 121420, 0, 0, 0, 19, 782, 67535, 0, 0, 0, 0
1761505088, 6902, 325832, 0, 8, 0, 155, 452, 38533, 0, 0, 0, 0
1761505089, 3369, 182081, 0, 1, 0, 49, 699, 59569, 0, 0, 0, 0
1761505090, 3709, 210660, 0, 3, 0, 102, 925, 79726, 0, 0, 0, 0
1761505091, 7068, 289623, 0, 9, 0, 225, 4531, 302559, 0, 0, 0, 0
1761505092, 5899, 219583, 0, 3, 0, 108, 3030, 352704, 0, 0, 0, 0
1761505093, 4951, 182938, 0, 1, 0, 36, 1349, 116917, 0, 0, 0, 0
1761505094, 4778, 232901, 0, 3, 0, 74, 244, 20800, 0, 0, 0, 0
1761505095, 4545, 216483, 0, 2, 0, 47, 426, 36483, 0, 0, 0, 0
1761505096, 5342, 212104, 0, 2, 0, 86, 670, 56979, 0, 0, 0, 0
1761505097, 4552, 212986, 0, 2, 0, 45, 346, 29746, 0, 0, 0, 0
1761505098, 4858, 203570, 0, 3, 0, 68, 448, 38382, 0, 0, 0, 0
1761505099, 2513, 125210, 0, 2, 0, 71, 228, 19568, 0, 0, 0, 0
1761505100, 3510, 166940, 0, 1, 0, 39, 438, 37848, 0, 0, 0, 0
1761505101, 3485, 174575, 0, 1, 0, 29, 306, 26481, 0, 0, 0, 0
1761505102, 4832, 222985, 0, 4, 0, 90, 598, 51204, 0, 0, 0, 0
1761505103, 3540, 205636, 0, 6, 0, 79, 194, 16632, 0, 0, 0, 0
1761505104, 3828, 192810, 0, 7, 0, 134, 288, 24808, 0, 0, 0, 0
1761505105, 1854, 93587, 0, 0, 0, 20, 248, 21349, 0, 0, 0, 0
1761505106, 1915, 85190, 0, 2, 0, 40, 266, 22846, 0, 0, 0, 0
1761505107, 3483, 169840, 0, 0, 0, 27, 490, 42244, 0, 0, 0, 0
1761505108, 2121, 92349, 0, 0, 0, 11, 294, 25201, 0, 0, 0, 0
1761505109, 1952, 91443, 0, 0, 0, 34, 278, 24215, 0, 0, 0, 0
1761505110, 2020, 98670, 0, 2, 0, 49, 476, 40660, 0, 0, 0, 0
1761505111, 1933, 83714, 0, 0, 0, 18, 230, 19744, 0, 0, 0, 0
1761505112, 5770, 265221, 0, 10, 0, 145, 1598, 139151, 0, 0, 0, 0
1761505113, 3728, 198506, 0, 2, 0, 39, 303, 26050, 0, 0, 0, 0
1761505114, 1600, 84896, 0, 2, 0, 31, 269, 23148, 0, 0, 0, 0
1761505115, 2621, 134891, 0, 2, 0, 47, 644, 54870, 0, 0, 0, 0
1761505116, 2397, 123456, 0, 0, 0, 23, 414, 35367, 0, 0, 0, 0
1761505117, 2563, 135605, 0, 1, 0, 43, 466, 39929, 0, 0, 0, 0
1761505118, 2528, 120360, 0, 1, 0, 49, 347, 29590, 0, 0, 0, 0
1761505119, 3278, 161032, 0, 0, 0, 17, 517, 44580, 0, 0, 0, 0
1761505120, 4791, 225904, 0, 6, 0, 114, 1837, 117289, 0, 0, 0, 0
1761505121, 7564, 94363, 0, 10, 0, 968, 1222, 43606, 0, 0, 0, 0
1761505122, 3521, 60277, 0, 76, 0, 1879, 449, 38354, 0, 0, 0, 0
1761505123, 1892, 68199, 0, 348, 0, 2735, 445, 47575, 0, 0, 0, 0
1761505124, 3080, 75747, 0, 271, 0, 3704, 849, 46837, 0, 0, 0, 0
1761505125, 2590, 67240, 0, 364, 0, 4523, 575, 44394, 0, 0, 0, 0
1761505126, 2926, 73438, 0, 423, 0, 5400, 599, 46807, 0, 0, 0, 0
1761505127, 2800, 76320, 0, 564, 0, 6313, 480, 46034, 0, 0, 0, 0
1761505128, 2412, 68632, 0, 679, 0, 7163, 570, 46411, 0, 0, 0, 0
1761505129, 2648, 69189, 0, 777, 0, 8161, 660, 49489, 0, 0, 0, 0
1761505130, 1956, 57574, 0, 986, 0, 9153, 478, 42437, 0, 0, 0, 0
1761505131, 2436, 60502, 0, 790, 0, 9958, 458, 43382, 0, 0, 0, 0
1761505132, 4510, 79515, 0, 483, 0, 10932, 690, 43592, 0, 0, 0, 0
1761505133, 2704, 75896, 0, 1023, 0, 11844, 658, 54894, 0, 0, 0, 0
1761505134, 2424, 66756, 0, 1040, 0, 12566, 649, 52018, 0, 0, 0, 0
1761505135, 3178, 69118, 0, 806, 0, 13554, 487, 48160, 0, 0, 0, 0
1761505136, 2968, 67250, 0, 1024, 0, 14559, 446, 45246, 0, 0, 0, 0
1761505137, 2612, 63436, 0, 1075, 0, 15548, 464, 38676, 0, 0, 0, 0
1761505138, 2836, 68826, 0, 1096, 0, 16265, 593, 46758, 0, 0, 0, 0
1761505139, 2055, 67047, 0, 1751, 0, 17087, 495, 42453, 0, 0, 0, 0
1761505140, 3129, 73429, 0, 1168, 0, 18020, 490, 46897, 0, 0, 0, 0
1761505141, 4229, 80917, 0, 909, 0, 18697, 1586, 57070, 0, 0, 0, 0
1761505142, 4753, 87764, 0, 899, 0, 19160, 812, 51699, 0, 0, 0, 0
1761505143, 4714, 86466, 0, 938, 0, 20046, 628, 46260, 0, 0, 0, 0
1761505144, 3277, 68599, 0, 1222, 0, 20860, 532, 44857, 0, 0, 0, 0
1761505145, 3124, 73589, 0, 1515, 0, 21565, 413, 42763, 0, 0, 0, 0
1761505146, 2841, 71194, 0, 1753, 0, 22493, 405, 42198, 0, 0, 0, 0
1761505147, 3220, 82242, 0, 1833, 0, 23148, 510, 48412, 0, 0, 0, 0
1761505148, 3234, 73345, 0, 1583, 0, 24050, 589, 46067, 0, 0, 0, 0
1761505149, 3191, 68020, 0, 1460, 0, 24890, 439, 39791, 0, 0, 0, 0
1761505150, 2692, 70367, 0, 2061, 0, 25574, 533, 43569, 0, 0, 0, 0
1761505151, 3003, 76535, 0, 2034, 0, 26275, 417, 45878, 0, 0, 0, 0
1761505152, 2940, 74034, 0, 2013, 0, 27099, 479, 45315, 0, 0, 0, 0
1761505153, 3018, 70606, 0, 1868, 0, 27963, 575, 46747, 0, 0, 0, 0
1761505154, 2593, 71396, 0, 2457, 0, 28862, 532, 44076, 0, 0, 0, 0
1761505155, 1718, 60904, 0, 3615, 0, 29582, 352, 40077, 0, 0, 0, 0
1761505156, 1818, 60173, 0, 3379, 0, 30063, 394, 43572, 0, 0, 0, 0
1761505157, 3289, 75351, 0, 2057, 0, 30718, 609, 48065, 0, 0, 0, 0
1761505158, 2474, 65500, 0, 2583, 0, 31506, 408, 39757, 0, 0, 0, 0
1761505159, 2054, 68095, 0, 3599, 0, 32144, 453, 47323, 0, 0, 0, 0
1761505160, 4388, 83084, 0, 1641, 0, 33103, 1174, 53713, 0, 0, 0, 0
1761505161, 4013, 81220, 0, 1860, 0, 33855, 726, 46400, 0, 0, 0, 0
1761505162, 4310, 88974, 0, 1950, 0, 34502, 503, 48198, 0, 0, 0, 0
1761505163, 3680, 77884, 0, 2023, 0, 35450, 858, 53623, 0, 0, 0, 0
1761505164, 2399, 69273, 0, 3320, 0, 36305, 553, 55656, 0, 0, 0, 0
1761505165, 1924, 57774, 0, 3598, 0, 36730, 424, 46174, 0, 0, 0, 0
1761505166, 1690, 60829, 0, 4669, 0, 37476, 390, 41036, 0, 0, 0, 0
1761505167, 1895, 60799, 0, 4166, 0, 38401, 472, 41921, 0, 0, 0, 0
1761505168, 2017, 70040, 0, 4743, 0, 39069, 525, 48791, 0, 0, 0, 0
1761505169, 2069, 70475, 0, 4634, 0, 39364, 467, 45519, 0, 0, 0, 0
1761505170, 2492, 68288, 0, 3607, 0, 40095, 614, 50214, 0, 0, 0, 0
1761505171, 2199, 63095, 0, 4021, 0, 40927, 437, 42819, 0, 0, 0, 0
1761505172, 2087, 70984, 0, 5070, 0, 41578, 467, 42908, 0, 0, 0, 0
1761505173, 2504, 77746, 0, 4598, 0, 42470, 355, 39914, 0, 0, 0, 0
1761505174, 2453, 77813, 0, 4747, 0, 43194, 569, 45404, 0, 0, 0, 0
1761505175, 1804, 76224, 0, 6859, 0, 43916, 338, 39844, 0, 0, 0, 0
1761505176, 2123, 70418, 0, 5166, 0, 44768, 455, 41437, 0, 0, 0, 0
1761505177, 1749, 72831, 0, 6838, 0, 45626, 439, 39455, 0, 0, 0, 0
1761505178, 2802, 75712, 0, 4341, 0, 46499, 469, 41555, 0, 0, 0, 0
1761505179, 2740, 77756, 0, 4287, 0, 47345, 385, 41339, 0, 0, 0, 0
1761505180, 2602, 75663, 0, 5207, 0, 48320, 415, 45602, 0, 0, 0, 0
1761505181, 2315, 70795, 0, 5793, 0, 49128, 396, 42294, 0, 0, 0, 0
1761505182, 2134, 73632, 0, 6636, 0, 49803, 429, 47440, 0, 0, 0, 0
1761505183, 1709, 63557, 0, 7805, 0, 50623, 404, 41590, 0, 0, 0, 0
1761505184, 2173, 74392, 0, 7372, 0, 51002, 659, 56394, 0, 0, 0, 0
1761505185, 1901, 63174, 0, 7453, 0, 51563, 409, 48714, 0, 0, 0, 0
1761505186, 1765, 69637, 0, 8670, 0, 52459, 556, 53235, 0, 0, 0, 0
1761505187, 3063, 74874, 0, 3984, 0, 53176, 691, 47563, 0, 0, 0, 0
1761505188, 2247, 72712, 0, 6768, 0, 53731, 553, 53746, 0, 0, 0, 0
1761505189, 2031, 73498, 0, 8727, 0, 54409, 506, 45867, 0, 0, 0, 0
1761505190, 1952, 61547, 0, 6587, 0, 54964, 454, 43091, 0, 0, 0, 0
1761505191, 1932, 76535, 0, 9868, 0, 55557, 464, 50401, 0, 0, 0, 0
1761505192, 2270, 72614, 0, 7551, 0, 56316, 671, 53141, 0, 0, 0, 0
1761505193, 2760, 71276, 0, 4982, 0, 56941, 483, 47486, 0, 0, 0, 0
1761505194, 2696, 80863, 0, 6134, 0, 57715, 533, 49452, 0, 0, 0, 0
1761505195, 2340, 68809, 0, 6478, 0, 58228, 341, 35271, 0, 0, 0, 0
1761505196, 2226, 60900, 0, 5903, 0, 59154, 500, 40795, 0, 0, 0, 0
1761505197, 2465, 75091, 0, 6358, 0, 59760, 381, 41012, 0, 0, 0, 0
1761505198, 2291, 74415, 0, 6813, 0, 60380, 625, 42892, 0, 0, 0, 0
1761505199, 4442, 83393, 0, 3096, 0, 61388, 671, 51171, 0, 0, 0, 0
1761505200, 4326, 84348, 0, 3445, 0, 62358, 1117, 56259, 0, 0, 0, 0
1761505201, 6368, 92479, 0, 1928, 0, 63282, 882, 49894, 0, 0, 0, 0
1761505202, 5117, 86819, 0, 2681, 0, 64206, 766, 52777, 0, 0, 0, 0
1761505203, 4567, 80415, 0, 2870, 0, 64816, 848, 51665, 0, 0, 0, 0
1761505204, 3766, 78137, 0, 3756, 0, 65533, 534, 51167, 0, 0, 0, 0
1761505205, 4423, 82772, 0, 3303, 0, 66068, 555, 42615, 0, 0, 0, 0
1761505206, 3968, 83070, 0, 3969, 0, 66765, 683, 45526, 0, 0, 0, 0
1761505207, 3175, 74876, 0, 4809, 0, 67383, 605, 50521, 0, 0, 0, 0
1761505208, 3386, 70827, 0, 4091, 0, 68260, 490, 45626, 0, 0, 0, 0
1761505209, 2883, 74997, 0, 5743, 0, 69047, 571, 50256, 0, 0, 0, 0
1761505210, 3556, 74324, 0, 4254, 0, 69979, 561, 50775, 0, 0, 0, 0
1761505211, 3386, 71410, 0, 4367, 0, 70829, 593, 43165, 0, 0, 0, 0
1761505212, 3138, 75123, 0, 5408, 0, 71699, 504, 47706, 0, 0, 0, 0
1761505213, 2958, 74553, 0, 5825, 0, 72458, 506, 50238, 0, 0, 0, 0
1761505214, 2290, 70273, 0, 7829, 0, 73275, 891, 47355, 0, 0, 0, 0
1761505215, 4595, 75420, 0, 3115, 0, 74150, 851, 45917, 0, 0, 0, 0
1761505216, 4223, 84024, 0, 4311, 0, 74880, 1102, 49115, 0, 0, 0, 0
1761505217, 4392, 79753, 0, 3665, 0, 75595, 1560, 54143, 0, 0, 0, 0
1761505218, 4247, 81749, 0, 4134, 0, 76243, 1257, 52459, 0, 0, 0, 0
1761505219, 4926, 88651, 0, 3672, 0, 76820, 1574, 60500, 0, 0, 0, 0
1761505220, 3923, 86295, 0, 5092, 0, 77701, 1390, 60366, 0, 0, 0, 0
1761505221, 4213, 87607, 0, 4735, 0, 78558, 623, 47953, 0, 0, 0, 0
1761505222, 4237, 78515, 0, 3952, 0, 79556, 1093, 44982, 0, 0, 0, 0
1761505223, 4613, 81347, 0, 3679, 0, 80287, 799, 45596, 0, 0, 0, 0
1761505224, 3816, 84173, 0, 5325, 0, 81284, 442, 48077, 0, 0, 0, 0
1761505225, 4711, 84645, 0, 3925, 0, 82144, 606, 48755, 0, 0, 0, 0
1761505226, 3805, 82209, 0, 5272, 0, 82740, 765, 49091, 0, 0, 0, 0
1761505227, 2845, 80248, 0, 7816, 0, 83449, 608, 53113, 0, 0, 0, 0
1761505228, 3704, 83691, 0, 5737, 0, 83944, 611, 52064, 0, 0, 0, 0
1761505229, 2959, 75109, 0, 6939, 0, 84685, 625, 56162, 0, 0, 0, 0
1761505230, 3575, 76366, 0, 5418, 0, 85224, 621, 51248, 0, 0, 0, 0
1761505231, 3260, 71525, 0, 5844, 0, 86020, 483, 40559, 0, 0, 0, 0
1761505232, 3010, 70661, 0, 6391, 0, 86332, 497, 39879, 0, 0, 0, 0
1761505233, 4100, 87559, 0, 5604, 0, 87053, 525, 46488, 0, 0, 0, 0
1761505234, 3274, 75832, 0, 6484, 0, 87877, 452, 38998, 0, 0, 0, 0
1761505235, 3772, 82124, 0, 5935, 0, 88596, 398, 39946, 0, 0, 0, 0
1761505236, 2773, 74008, 0, 7984, 0, 89571, 425, 38886, 0, 0, 0, 0
1761505237, 2925, 74500, 0, 7621, 0, 90319, 462, 42217, 0, 0, 0, 0
1761505238, 2630, 76222, 0, 9117, 0, 91026, 407, 39309, 0, 0, 0, 0
1761505239, 5217, 93272, 0, 4478, 0, 91626, 1066, 58048, 0, 0, 0, 0
1761505240, 2759, 73930, 0, 8365, 0, 92375, 380, 36986, 0, 0, 0, 0
1761505241, 3983, 81930, 0, 5668, 0, 93175, 873, 48587, 0, 0, 0, 0
1761505242, 4386, 81906, 0, 4744, 0, 93906, 766, 45383, 0, 0, 0, 0
1761505243, 3450, 72303, 0, 5927, 0, 94813, 567, 43473, 0, 0, 0, 0
1761505244, 4021, 77854, 0, 5262, 0, 95610, 859, 43670, 0, 0, 0, 0
1761505245, 4178, 84669, 0, 5708, 0, 96330, 1139, 54637, 0, 0, 0, 0
1761505246, 4330, 84159, 0, 5382, 0, 97329, 1632, 59134, 0, 0, 0, 0
1761505247, 4339, 79703, 0, 5001, 0, 98055, 498, 45120, 0, 0, 0, 0
1761505248, 4057, 78434, 0, 5504, 0, 98987, 518, 49029, 0, 0, 0, 0
1761505249, 3873, 81748, 0, 6273, 0, 99433, 474, 48565, 0, 0, 0, 0
1761505250, 5061, 86103, 0, 4487, 0, 100358, 1244, 57231, 0, 0, 0, 0
1761505251, 3633, 73951, 0, 6110, 0, 101328, 460, 42411, 0, 0, 0, 0
1761505252, 4514, 94174, 0, 6241, 0, 102086, 750, 53428, 0, 0, 0, 0
1761505253, 4107, 75652, 0, 5059, 0, 102856, 617, 47942, 0, 0, 0, 0
1761505254, 3980, 84763, 0, 6524, 0, 103868, 521, 57407, 0, 0, 0, 0
1761505255, 3105, 74986, 0, 7958, 0, 104748, 454, 44636, 0, 0, 0, 0
1761505256, 2434, 72138, 0, 10635, 0, 105582, 461, 44974, 0, 0, 0, 0
1761505257, 2600, 70031, 0, 9440, 0, 106474, 511, 44987, 0, 0, 0, 0
1761505258, 2082, 68374, 0, 12122, 0, 107303, 628, 46376, 0, 0, 0, 0
1761505259, 3220, 70422, 0, 6854, 0, 107750, 492, 39302, 0, 0, 0, 0
1761505260, 2690, 74376, 0, 10013, 0, 108632, 499, 49116, 0, 0, 0, 0
1761505261, 3923, 85163, 0, 7027, 0, 109309, 698, 54252, 0, 0, 0, 0
1761505262, 3200, 76524, 0, 8156, 0, 110032, 663, 47990, 0, 0, 0, 0
1761505263, 2082, 68073, 0, 12634, 0, 110679, 660, 49587, 0, 0, 0, 0
1761505264, 2327, 68138, 0, 11073, 0, 111489, 485, 45643, 0, 0, 0, 0
1761505265, 2234, 72449, 0, 12767, 0, 112271, 444, 48019, 0, 0, 0, 0
1761505266, 1936, 70437, 0, 14684, 0, 113066, 404, 45250, 0, 0, 0, 0
1761505267, 1926, 65116, 0, 13512, 0, 113931, 517, 50391, 0, 0, 0, 0
1761505268, 2481, 69468, 0, 10401, 0, 114695, 460, 49474, 0, 0, 0, 0
1761505269, 2387, 69835, 0, 11174, 0, 115616, 709, 46459, 0, 0, 0, 0
1761505270, 2669, 79175, 0, 11514, 0, 116338, 679, 49795, 0, 0, 0, 0
1761505271, 2698, 76833, 0, 11177, 0, 116935, 470, 37307, 0, 0, 0, 0
1761505272, 3135, 85128, 0, 10287, 0, 116991, 398, 40672, 0, 0, 0, 0
1761505273, 2493, 78367, 0, 12794, 0, 117224, 394, 40141, 0, 0, 0, 0
1761505274, 2998, 86592, 0, 11208, 0, 117863, 862, 52491, 0, 0, 0, 0
1761505275, 2439, 76328, 0, 12556, 0, 118645, 438, 40659, 0, 0, 0, 0
1761505276, 2960, 80562, 0, 10477, 0, 119484, 539, 45650, 0, 0, 0, 0
1761505277, 4156, 81243, 0, 6429, 0, 120078, 1128, 50557, 0, 0, 0, 0
1761505278, 3379, 73335, 0, 7721, 0, 120750, 599, 52820, 0, 0, 0, 0
1761505279, 3760, 73792, 0, 6528, 0, 121595, 596, 47668, 0, 0, 0, 0
1761505280, 3611, 90132, 0, 9682, 0, 122426, 977, 57051, 0, 0, 0, 0
1761505281, 4689, 82814, 0, 5649, 0, 123322, 1133, 55938, 0, 0, 0, 0
1761505282, 3802, 80413, 0, 7536, 0, 124158, 600, 45336, 0, 0, 0, 0
1761505283, 4667, 86239, 0, 6119, 0, 124857, 1818, 61839, 0, 0, 0, 0
1761505284, 3566, 74436, 0, 7391, 0, 125548, 3204, 71538, 0, 0, 0, 0
1761505285, 3884, 75292, 0, 6674, 0, 126190, 3410, 71531, 0, 0, 0, 0
1761505286, 3878, 70054, 0, 5953, 0, 126766, 1341, 50075, 0, 0, 0, 0
1761505287, 3797, 76134, 0, 6999, 0, 127772, 1393, 57187, 0, 0, 0, 0
1761505288, 3816, 72794, 0, 6595, 0, 128499, 961, 50727, 0, 0, 0, 0
1761505289, 2857, 69451, 0, 9471, 0, 129445, 1327, 57106, 0, 0, 0, 0
1761505290, 3299, 74188, 0, 8627, 0, 130162, 1555, 59699, 0, 0, 0, 0
1761505291, 4031, 80251, 0, 7113, 0, 130957, 1420, 59533, 0, 0, 0, 0
1761505292, 3479, 70998, 0, 7412, 0, 131825, 801, 50041, 0, 0, 0, 0
1761505293, 3993, 72011, 0, 6138, 0, 132669, 589, 45329, 0, 0, 0, 0
1761505294, 3928, 72256, 0, 6444, 0, 133468, 612, 47393, 0, 0, 0, 0
1761505295, 4414, 75487, 0, 5795, 0, 134380, 803, 48777, 0, 0, 0, 0
1761505296, 5524, 82544, 0, 4411, 0, 135286, 763, 46533, 0, 0, 0, 0
1761505297, 5974, 91418, 0, 4657, 0, 135572, 490, 49520, 0, 0, 0, 0
1761505298, 5218, 85111, 0, 5310, 0, 136238, 509, 48828, 0, 0, 0, 0
1761505299, 5767, 89067, 0, 4843, 0, 137050, 731, 50847, 0, 0, 0, 0
1761505300, 5075, 84338, 0, 5487, 0, 137950, 601, 49486, 0, 0, 0, 0
1761505301, 5799, 89911, 0, 4920, 0, 138859, 880, 52269, 0, 0, 0, 0
1761505302, 5417, 89545, 0, 5661, 0, 139675, 875, 55775, 0, 0, 0, 0
1761505303, 4830, 80459, 0, 5702, 0, 140670, 766, 49676, 0, 0, 0, 0
1761505304, 5477, 90355, 0, 5624, 0, 141597, 834, 54263, 0, 0, 0, 0
1761505305, 5158, 81638, 0, 5284, 0, 142099, 429, 46562, 0, 0, 0, 0
1761505306, 5860, 95316, 0, 5600, 0, 142699, 483, 55144, 0, 0, 0, 0
1761505307, 5254, 81253, 0, 5177, 0, 143290, 452, 45666, 0, 0, 0, 0
1761505308, 5949, 93086, 0, 5289, 0, 144048, 633, 53338, 0, 0, 0, 0
1761505309, 6510, 92534, 0, 4463, 0, 144875, 519, 48104, 0, 0, 0, 0
1761505310, 7044, 101663, 0, 4641, 0, 145527, 684, 55578, 0, 0, 0, 0
1761505311, 5706, 92650, 0, 5792, 0, 146104, 609, 55189, 0, 0, 0, 0
1761505312, 4714, 83988, 0, 6762, 0, 146834, 490, 52632, 0, 0, 0, 0
1761505313, 5527, 81990, 0, 4806, 0, 147482, 486, 43383, 0, 0, 0, 0
1761505314, 5290, 85711, 0, 5787, 0, 148377, 540, 50356, 0, 0, 0, 0
1761505315, 5036, 88265, 0, 6697, 0, 149086, 525, 53924, 0, 0, 0, 0
1761505316, 4704, 81983, 0, 6550, 0, 149807, 586, 49446, 0, 0, 0, 0
1761505317, 5227, 89239, 0, 6156, 0, 150508, 637, 52317, 0, 0, 0, 0
1761505318, 4610, 83436, 0, 7248, 0, 151271, 511, 46259, 0, 0, 0, 0
1761505319, 5973, 92218, 0, 5435, 0, 152060, 1071, 54838, 0, 0, 0, 0
1761505320, 4434, 82963, 0, 7574, 0, 152680, 827, 54131, 0, 0, 0, 0
1761505321, 4130, 77959, 0, 7695, 0, 153428, 653, 48998, 0, 0, 0, 0
1761505322, 3080, 74054, 0, 11290, 0, 154143, 579, 43174, 0, 0, 0, 0
1761505323, 3429, 74392, 0, 9859, 0, 154680, 516, 42143, 0, 0, 0, 0
1761505324, 3465, 75562, 0, 9890, 0, 155326, 616, 42188, 0, 0, 0, 0
1761505325, 3638, 81693, 0, 10333, 0, 156067, 694, 54181, 0, 0, 0, 0
1761505326, 3427, 73572, 0, 9919, 0, 156609, 558, 44676, 0, 0, 0, 0
1761505327, 4449, 83120, 0, 7813, 0, 156131, 803, 45671, 0, 0, 0, 0
1761505328, 3883, 84285, 0, 9856, 0, 155778, 553, 46841, 0, 0, 0, 0
1761505329, 2866, 72104, 0, 12469, 0, 155815, 530, 44642, 0, 0, 0, 0
1761505330, 3425, 74786, 0, 10048, 0, 156125, 490, 42828, 0, 0, 0, 0
1761505331, 3244, 76840, 0, 11489, 0, 157030, 415, 44666, 0, 0, 0, 0
1761505332, 4083, 88006, 0, 10083, 0, 157769, 533, 48051, 0, 0, 0, 0
1761505333, 5047, 86735, 0, 7427, 0, 158733, 489, 46482, 0, 0, 0, 0
1761505334, 5469, 84334, 0, 6023, 0, 159471, 713, 47199, 0, 0, 0, 0
1761505335, 5021, 87852, 0, 7620, 0, 160416, 650, 47369, 0, 0, 0, 0
1761505336, 5265, 87242, 0, 7003, 0, 161199, 483, 42861, 0, 0, 0, 0
1761505337, 3616, 78198, 0, 10548, 0, 161643, 412, 44890, 0, 0, 0, 0
1761505338, 3063, 70400, 0, 11423, 0, 162312, 360, 40950, 0, 0, 0, 0
1761505339, 2107, 62512, 0, 16162, 0, 163292, 406, 41998, 0, 0, 0, 0
1761505340, 2853, 80734, 0, 15589, 0, 164227, 770, 56587, 0, 0, 0, 0
1761505341, 2598, 68983, 0, 14492, 0, 164729, 452, 46083, 0, 0, 0, 0
1761505342, 2745, 71969, 0, 14332, 0, 165734, 509, 43143, 0, 0, 0, 0
1761505343, 3265, 71841, 0, 11100, 0, 166451, 520, 45267, 0, 0, 0, 0
1761505344, 3456, 70018, 0, 10094, 0, 166890, 474, 40167, 0, 0, 0, 0
1761505345, 2770, 76564, 0, 15976, 0, 167892, 924, 51590, 0, 0, 0, 0
1761505346, 5100, 88461, 0, 7919, 0, 168613, 952, 52694, 0, 0, 0, 0
1761505347, 4091, 86281, 0, 10743, 0, 169331, 414, 47398, 0, 0, 0, 0
1761505348, 3429, 72785, 0, 10927, 0, 170057, 538, 43768, 0, 0, 0, 0
1761505349, 2578, 71399, 0, 16285, 0, 170761, 432, 44314, 0, 0, 0, 0
1761505350, 3447, 79231, 0, 12393, 0, 171490, 679, 46737, 0, 0, 0, 0
1761505351, 3762, 76765, 0, 10682, 0, 172198, 490, 47135, 0, 0, 0, 0
1761505352, 2979, 73973, 0, 14497, 0, 172918, 370, 44334, 0, 0, 0, 0
1761505353, 3014, 79038, 0, 15603, 0, 173403, 611, 51017, 0, 0, 0, 0
1761505354, 3074, 71195, 0, 13094, 0, 174169, 450, 44305, 0, 0, 0, 0
1761505355, 4538, 85680, 0, 9625, 0, 174804, 451, 48742, 0, 0, 0, 0
1761505356, 2994, 64243, 0, 11626, 0, 175528, 632, 45788, 0, 0, 0, 0
1761505357, 8023, 104515, 0, 5194, 0, 176249, 436, 43296, 0, 0, 0, 0
1761505358, 4320, 76749, 0, 9127, 0, 176948, 531, 44814, 0, 0, 0, 0
1761505359, 5274, 86884, 0, 7834, 0, 177678, 725, 52913, 0, 0, 0, 0
1761505360, 4684, 86133, 0, 9243, 0, 178647, 652, 44679, 0, 0, 0, 0
1761505361, 3543, 83263, 0, 13912, 0, 179393, 435, 48172, 0, 0, 0, 0
1761505362, 3285, 73453, 0, 12826, 0, 179837, 421, 43664, 0, 0, 0, 0
1761505363, 2990, 73578, 0, 14550, 0, 180247, 459, 45313, 0, 0, 0, 0
1761505364, 2894, 75489, 0, 16218, 0, 180913, 386, 46882, 0, 0, 0, 0
1761505365, 2761, 73405, 0, 16232, 0, 181609, 520, 43808, 0, 0, 0, 0
1761505366, 2378, 65863, 0, 17888, 0, 182016, 503, 50399, 0, 0, 0, 0
1761505367, 2356, 68875, 0, 19279, 0, 182468, 474, 44039, 0, 0, 0, 0
1761505368, 2171, 73005, 0, 23565, 0, 182985, 456, 49214, 0, 0, 0, 0
1761505369, 2766, 69726, 0, 15737, 0, 183625, 706, 45194, 0, 0, 0, 0
1761505370, 3148, 75301, 0, 14713, 0, 184299, 726, 48049, 0, 0, 0, 0
1761505371, 2678, 78920, 0, 19749, 0, 184972, 509, 49428, 0, 0, 0, 0
1761505372, 2838, 75907, 0, 17524, 0, 185599, 784, 53063, 0, 0, 0, 0
1761505373, 3206, 74212, 0, 14200, 0, 186243, 601, 47936, 0, 0, 0, 0
1761505374, 2492, 65283, 0, 17159, 0, 186844, 480, 42286, 0, 0, 0, 0
1761505375, 2618, 60314, 0, 14198, 0, 187611, 444, 42080, 0, 0, 0, 0
1761505376, 2501, 70141, 0, 18605, 0, 188534, 419, 44277, 0, 0, 0, 0
1761505377, 2888, 75481, 0, 17090, 0, 189222, 580, 52698, 0, 0, 0, 0
1761505378, 2896, 74187, 0, 17260, 0, 189946, 428, 45990, 0, 0, 0, 0
1761505379, 2799, 71640, 0, 16852, 0, 190532, 653, 43286, 0, 0, 0, 0
1761505380, 3925, 77755, 0, 11553, 0, 191389, 634, 46333, 0, 0, 0, 0
1761505381, 5815, 91312, 0, 7848, 0, 192145, 899, 53848, 0, 0, 0, 0
1761505382, 4858, 80454, 0, 8497, 0, 192875, 840, 50270, 0, 0, 0, 0
1761505383, 5028, 76737, 0, 7600, 0, 193725, 907, 45062, 0, 0, 0, 0
1761505384, 3803, 78479, 0, 12695, 0, 194551, 770, 48293, 0, 0, 0, 0
1761505385, 5392, 84205, 0, 7875, 0, 195248, 1017, 48923, 0, 0, 0, 0
1761505386, 5551, 94742, 0, 9119, 0, 195676, 564, 45460, 0, 0, 0, 0
1761505387, 5240, 90242, 0, 9245, 0, 196398, 1195, 47056, 0, 0, 0, 0
1761505388, 5415, 91494, 0, 8957, 0, 197038, 861, 47752, 0, 0, 0, 0
1761505389, 5129, 83993, 0, 8346, 0, 197822, 644, 41243, 0, 0, 0, 0
1761505390, 3533, 73633, 0, 12806, 0, 198479, 691, 44056, 0, 0, 0, 0
1761505391, 3320, 74165, 0, 14213, 0, 199317, 387, 42444, 0, 0, 0, 0
1761505392, 3388, 70534, 0, 12933, 0, 199918, 582, 45345, 0, 0, 0, 0
1761505393, 4836, 87503, 0, 10367, 0, 200523, 969, 57548, 0, 0, 0, 0
1761505394, 3870, 73077, 0, 11279, 0, 201234, 604, 43877, 0, 0, 0, 0
1761505395, 3651, 76766, 0, 13242, 0, 201901, 455, 45650, 0, 0, 0, 0
1761505396, 5218, 90620, 0, 9939, 0, 202420, 627, 49060, 0, 0, 0, 0
1761505397, 3402, 72757, 0, 13752, 0, 202758, 616, 47037, 0, 0, 0, 0
1761505398, 3055, 82517, 0, 19253, 0, 203493, 524, 57509, 0, 0, 0, 0
1761505399, 3102, 70962, 0, 15115, 0, 204201, 474, 47829, 0, 0, 0, 0
1761505400, 3144, 76674, 0, 17007, 0, 204917, 1023, 52495, 0, 0, 0, 0
1761505401, 3572, 72910, 0, 13011, 0, 205649, 1071, 54173, 0, 0, 0, 0
1761505402, 4116, 74572, 0, 10861, 0, 206299, 764, 48734, 0, 0, 0, 0
1761505403, 3161, 74889, 0, 16506, 0, 206983, 503, 44343, 0, 0, 0, 0
1761505404, 2955, 78215, 0, 19298, 0, 207687, 778, 49591, 0, 0, 0, 0
1761505405, 2790, 64304, 0, 15818, 0, 208517, 599, 38437, 0, 0, 0, 0
1761505406, 2664, 78543, 0, 22496, 0, 209297, 531, 49210, 0, 0, 0, 0
1761505407, 2251, 68779, 0, 23868, 0, 209736, 564, 49586, 0, 0, 0, 0
1761505408, 2361, 70361, 0, 23165, 0, 210647, 528, 45909, 0, 0, 0, 0
1761505409, 2357, 70333, 0, 22813, 0, 211380, 926, 54081, 0, 0, 0, 0
1761505410, 2530, 71850, 0, 21335, 0, 211846, 658, 48698, 0, 0, 0, 0
1761505411, 2464, 78641, 0, 24754, 0, 212579, 453, 49526, 0, 0, 0, 0
1761505412, 2375, 75399, 0, 24799, 0, 213442, 488, 50369, 0, 0, 0, 0
1761505413, 2439, 73422, 0, 23325, 0, 214254, 563, 51437, 0, 0, 0, 0
1761505414, 3087, 71485, 0, 15813, 0, 215005, 656, 44314, 0, 0, 0, 0
1761505415, 3599, 76408, 0, 14560, 0, 215856, 464, 47490, 0, 0, 0, 0
1761505416, 3465, 77831, 0, 15778, 0, 216733, 1116, 51978, 0, 0, 0, 0
1761505417, 2814, 71771, 0, 18627, 0, 217572, 611, 44420, 0, 0, 0, 0
1761505418, 2572, 77194, 0, 23827, 0, 218444, 587, 50457, 0, 0, 0, 0
1761505419, 2764, 67826, 0, 17765, 0, 219293, 522, 45672, 0, 0, 0, 0
1761505420, 2673, 69136, 0, 19704, 0, 220154, 471, 46433, 0, 0, 0, 0
1761505421, 2383, 76669, 0, 25980, 0, 220882, 499, 49251, 0, 0, 0, 0
1761505422, 2984, 73257, 0, 17662, 0, 221847, 548, 44000, 0, 0, 0, 0
1761505423, 3025, 74077, 0, 18039, 0, 222604, 647, 50344, 0, 0, 0, 0
1761505424, 2800, 72944, 0, 20312, 0, 223605, 477, 44703, 0, 0, 0, 0
1761505425, 2800, 76854, 0, 21357, 0, 224333, 403, 44945, 0, 0, 0, 0
1761505426, 3049, 68904, 0, 15915, 0, 225307, 495, 47606, 0, 0, 0, 0
1761505427, 2703, 68365, 0, 19205, 0, 226309, 1384, 51400, 0, 0, 0, 0
1761505428, 2477, 71284, 0, 23573, 0, 227117, 1029, 47904, 0, 0, 0, 0
1761505429, 2621, 69292, 0, 21124, 0, 227599, 979, 46628, 0, 0, 0, 0
1761505430, 2953, 78152, 0, 21405, 0, 228577, 1152, 51727, 0, 0, 0, 0
1761505431, 3650, 75258, 0, 14833, 0, 229468, 1494, 60366, 0, 0, 0, 0
1761505432, 3745, 77931, 0, 14539, 0, 230410, 1481, 54569, 0, 0, 0, 0
1761505433, 4298, 75941, 0, 11755, 0, 231235, 842, 50224, 0, 0, 0, 0
1761505434, 4329, 82963, 0, 12941, 0, 232182, 904, 56264, 0, 0, 0, 0
1761505435, 3670, 73544, 0, 14188, 0, 233024, 1001, 52827, 0, 0, 0, 0
1761505436, 5024, 89243, 0, 11913, 0, 233847, 847, 49849, 0, 0, 0, 0
1761505437, 4893, 76317, 0, 8984, 0, 234414, 896, 35381, 0, 0, 0, 0
1761505438, 4871, 81543, 0, 10451, 0, 235223, 745, 40265, 0, 0, 0, 0
1761505439, 4509, 86113, 0, 13618, 0, 236215, 688, 50821, 0, 0, 0, 0
1761505440, 4234, 83687, 0, 14355, 0, 236970, 926, 47872, 0, 0, 0, 0
1761505441, 6737, 95904, 0, 7431, 0, 237577, 1274, 49357, 0, 0, 0, 0
1761505442, 5072, 98736, 0, 14604, 0, 238354, 794, 57577, 0, 0, 0, 0
1761505443, 5334, 87476, 0, 10513, 0, 239148, 710, 46173, 0, 0, 0, 0
1761505444, 3826, 82216, 0, 16508, 0, 239868, 872, 51841, 0, 0, 0, 0
1761505445, 4500, 85093, 0, 13915, 0, 240441, 610, 48972, 0, 0, 0, 0
1761505446, 4132, 83699, 0, 15352, 0, 241187, 689, 49404, 0, 0, 0, 0
1761505447, 4201, 78222, 0, 13411, 0, 241822, 716, 41803, 0, 0, 0, 0
1761505448, 4310, 84587, 0, 14523, 0, 242781, 718, 50628, 0, 0, 0, 0
1761505449, 4186, 81403, 0, 14403, 0, 243658, 571, 42685, 0, 0, 0, 0
1761505450, 4362, 74364, 0, 11474, 0, 244329, 584, 36828, 0, 0, 0, 0
1761505451, 4706, 76647, 0, 10887, 0, 245127, 775, 41529, 0, 0, 0, 0
1761505452, 4444, 84687, 0, 14509, 0, 246044, 473, 48014, 0, 0, 0, 0
1761505453, 4668, 77761, 0, 10862, 0, 247038, 541, 42007, 0, 0, 0, 0
1761505454, 4703, 86123, 0, 12990, 0, 247972, 1344, 52002, 0, 0, 0, 0
1761505455, 4505, 83736, 0, 13724, 0, 248749, 588, 48618, 0, 0, 0, 0
1761505456, 4718, 89561, 0, 14480, 0, 249751, 571, 49201, 0, 0, 0, 0
1761505457, 4775, 79123, 0, 11547, 0, 250459, 692, 49366, 0, 0, 0, 0
1761505458, 3932, 79768, 0, 15242, 0, 251414, 442, 51180, 0, 0, 0, 0
1761505459, 4373, 88218, 0, 15312, 0, 252172, 508, 47575, 0, 0, 0, 0
1761505460, 3904, 81682, 0, 16332, 0, 253137, 784, 47397, 0, 0, 0, 0
1761505461, 3879, 78681, 0, 16044, 0, 253890, 611, 49989, 0, 0, 0, 0
1761505462, 3375, 76585, 0, 19026, 0, 254814, 448, 43396, 0, 0, 0, 0
1761505463, 3591, 83750, 0, 19405, 0, 255564, 466, 45813, 0, 0, 0, 0
1761505464, 3231, 75754, 0, 19799, 0, 256321, 574, 44574, 0, 0, 0, 0
1761505465, 2927, 72904, 0, 22269, 0, 257280, 458, 42058, 0, 0, 0, 0
1761505466, 3594, 80193, 0, 18284, 0, 258039, 618, 45912, 0, 0, 0, 0
1761505467, 4008, 88039, 0, 18493, 0, 258580, 786, 52993, 0, 0, 0, 0
1761505468, 4987, 79808, 0, 11133, 0, 259182, 698, 45904, 0, 0, 0, 0
1761505469, 4031, 78655, 0, 15693, 0, 260187, 423, 44118, 0, 0, 0, 0
1761505470, 4055, 84978, 0, 17395, 0, 261175, 650, 47841, 0, 0, 0, 0
1761505471, 4260, 85967, 0, 16331, 0, 262090, 496, 46489, 0, 0, 0, 0
1761505472, 4928, 89517, 0, 13544, 0, 262825, 523, 44636, 0, 0, 0, 0
1761505473, 4142, 77034, 0, 14442, 0, 263505, 506, 43883, 0, 0, 0, 0
1761505474, 4173, 76782, 0, 14247, 0, 264308, 592, 44655, 0, 0, 0, 0
1761505475, 4447, 82056, 0, 14454, 0, 265043, 561, 48149, 0, 0, 0, 0
1761505476, 3871, 75699, 0, 15994, 0, 265938, 685, 43963, 0, 0, 0, 0
1761505477, 3221, 71934, 0, 19945, 0, 266688, 455, 39531, 0, 0, 0, 0
1761505478, 3424, 77049, 0, 20125, 0, 267404, 519, 41630, 0, 0, 0, 0
1761505479, 3524, 83251, 0, 21717, 0, 268356, 454, 42311, 0, 0, 0, 0
1761505480, 3743, 77128, 0, 16949, 0, 269122, 583, 42175, 0, 0, 0, 0
1761505481, 4217, 84212, 0, 16254, 0, 270042, 693, 51423, 0, 0, 0, 0
1761505482, 4267, 86579, 0, 16449, 0, 270839, 788, 48240, 0, 0, 0, 0
1761505483, 4962, 88570, 0, 13536, 0, 271682, 505, 43556, 0, 0, 0, 0
1761505484, 3758, 73721, 0, 15906, 0, 272557, 530, 41409, 0, 0, 0, 0
1761505485, 3489, 78988, 0, 19704, 0, 273525, 697, 45973, 0, 0, 0, 0
1761505486, 3038, 74564, 0, 22923, 0, 274377, 554, 45814, 0, 0, 0, 0
1761505487, 2994, 72341, 0, 22728, 0, 275264, 421, 42379, 0, 0, 0, 0
1761505488, 3032, 71322, 0, 21926, 0, 276095, 473, 41660, 0, 0, 0, 0
1761505489, 3099, 69783, 0, 20680, 0, 276942, 611, 45521, 0, 0, 0, 0
1761505490, 3961, 82217, 0, 18173, 0, 277817, 689, 47680, 0, 0, 0, 0
1761505491, 3435, 71491, 0, 18309, 0, 278716, 748, 43700, 0, 0, 0, 0
1761505492, 3270, 72370, 0, 20317, 0, 279523, 523, 43037, 0, 0, 0, 0
1761505493, 4330, 81574, 0, 15488, 0, 280438, 538, 48948, 0, 0, 0, 0
1761505494, 3021, 68994, 0, 21310, 0, 281384, 602, 43087, 0, 0, 0, 0
1761505495, 5008, 85264, 0, 13671, 0, 282149, 556, 44620, 0, 0, 0, 0
1761505496, 2926, 76147, 0, 25825, 0, 282869, 553, 48096, 0, 0, 0, 0
1761505497, 4532, 77848, 0, 13481, 0, 283588, 904, 48462, 0, 0, 0, 0
1761505498, 3384, 75122, 0, 19778, 0, 284229, 677, 44474, 0, 0, 0, 0
1761505499, 2450, 66411, 0, 26975, 0, 284927, 395, 39877, 0, 0, 0, 0
1761505500, 3646, 76683, 0, 18243, 0, 285908, 836, 46842, 0, 0, 0, 0
1761505501, 3978, 80631, 0, 17401, 0, 286936, 932, 51786, 0, 0, 0, 0
1761505502, 3517, 71719, 0, 18137, 0, 287922, 605, 48638, 0, 0, 0, 0
1761505503, 3164, 70961, 0, 20587, 0, 288919, 498, 48582, 0, 0, 0, 0
1761505504, 3262, 68300, 0, 19466, 0, 289641, 534, 42667, 0, 0, 0, 0
1761505505, 4189, 83597, 0, 17925, 0, 290378, 458, 48963, 0, 0, 0, 0
1761505506, 3992, 75030, 0, 16128, 0, 291373, 736, 46476, 0, 0, 0, 0
1761505507, 3218, 70548, 0, 21067, 0, 292080, 501, 46509, 0, 0, 0, 0
1761505508, 2906, 77131, 0, 26951, 0, 293077, 678, 43508, 0, 0, 0, 0
1761505509, 3417, 79855, 0, 22997, 0, 293802, 447, 42764, 0, 0, 0, 0
1761505510, 2926, 74480, 0, 26130, 0, 294532, 627, 41170, 0, 0, 0, 0
1761505511, 3203, 80447, 0, 25558, 0, 295331, 528, 43989, 0, 0, 0, 0
1761505512, 3411, 79011, 0, 22311, 0, 296246, 714, 45194, 0, 0, 0, 0
1761505513, 3424, 84255, 0, 24832, 0, 296974, 445, 45199, 0, 0, 0, 0
1761505514, 2839, 78782, 0, 28876, 0, 297964, 563, 40318, 0, 0, 0, 0
1761505515, 2522, 66017, 0, 26842, 0, 298695, 598, 42514, 0, 0, 0, 0
1761505516, 3090, 72577, 0, 23414, 0, 299678, 565, 43681, 0, 0, 0, 0
1761505517, 3006, 67033, 0, 21372, 0, 300604, 388, 39580, 0, 0, 0, 0
1761505518, 2483, 79536, 0, 35115, 0, 301379, 440, 37626, 0, 0, 0, 0
1761505519, 2341, 74048, 0, 33556, 0, 302401, 351, 37001, 0, 0, 0, 0
1761505520, 3030, 78328, 0, 25709, 0, 303105, 590, 38770, 0, 0, 0, 0
1761505521, 3032, 85559, 0, 29677, 0, 304009, 482, 47136, 0, 0, 0, 0
1761505522, 2379, 82431, 0, 39489, 0, 304654, 360, 37810, 0, 0, 0, 0
1761505523, 3182, 75433, 0, 23162, 0, 305535, 699, 48276, 0, 0, 0, 0
1761505524, 2621, 79444, 0, 33479, 0, 306260, 776, 40769, 0, 0, 0, 0
1761505525, 3668, 73606, 0, 18367, 0, 306985, 543, 49321, 0, 0, 0, 0
1761505526, 2042, 72513, 0, 41112, 0, 307983, 478, 51455, 0, 0, 0, 0
1761505527, 2357, 67610, 0, 30926, 0, 308687, 419, 40267, 0, 0, 0, 0
1761505528, 2053, 63951, 0, 34873, 0, 309686, 426, 40295, 0, 0, 0, 0
1761505529, 2254, 62265, 0, 29954, 0, 310391, 592, 43011, 0, 0, 0, 0
1761505530, 1964, 61605, 0, 35660, 0, 311396, 661, 40800, 0, 0, 0, 0
1761505531, 2160, 70717, 0, 37162, 0, 312117, 731, 45589, 0, 0, 0, 0
1761505532, 1993, 69915, 0, 39830, 0, 313074, 728, 43467, 0, 0, 0, 0
1761505533, 2051, 68312, 0, 36999, 0, 313993, 1201, 49385, 0, 0, 0, 0
1761505534, 1754, 65289, 0, 44262, 0, 314763, 1395, 61507, 0, 0, 0, 0
1761505535, 2316, 67654, 0, 32373, 0, 315220, 937, 56299, 0, 0, 0, 0
1761505536, 2780, 67623, 0, 25551, 0, 316216, 877, 52927, 0, 0, 0, 0
1761505537, 3156, 71627, 0, 23400, 0, 317205, 600, 49986, 0, 0, 0, 0
1761505538, 3971, 74951, 0, 18069, 0, 318148, 535, 40716, 0, 0, 0, 0
1761505539, 3520, 76266, 0, 21988, 0, 318915, 428, 45079, 0, 0, 0, 0
1761505540, 3879, 76098, 0, 19033, 0, 319662, 473, 43522, 0, 0, 0, 0
1761505541, 3732, 76390, 0, 20487, 0, 320640, 453, 43202, 0, 0, 0, 0
1761505542, 2748, 75098, 0, 30775, 0, 321385, 549, 45841, 0, 0, 0, 0
1761505543, 3331, 71226, 0, 21818, 0, 322382, 609, 44283, 0, 0, 0, 0
1761505544, 3128, 71185, 0, 23900, 0, 323232, 479, 43248, 0, 0, 0, 0
1761505545, 2818, 72217, 0, 28072, 0, 324092, 970, 55114, 0, 0, 0, 0
1761505546, 2435, 69360, 0, 31362, 0, 324903, 959, 56809, 0, 0, 0, 0
1761505547, 2512, 64692, 0, 27863, 0, 325788, 744, 50273, 0, 0, 0, 0
1761505548, 2645, 70408, 0, 28755, 0, 326526, 1021, 55596, 0, 0, 0, 0
1761505549, 2622, 69076, 0, 28538, 0, 327469, 696, 51613, 0, 0, 0, 0
1761505550, 2480, 67368, 0, 30497, 0, 328202, 527, 49793, 0, 0, 0, 0
1761505551, 2454, 60165, 0, 26726, 0, 329231, 338, 35756, 0, 0, 0, 0
1761505552, 2900, 71999, 0, 26934, 0, 330143, 420, 43078, 0, 0, 0, 0
1761505553, 3268, 80897, 0, 27126, 0, 330933, 644, 54619, 0, 0, 0, 0
1761505554, 3146, 78234, 0, 27025, 0, 331923, 422, 46043, 0, 0, 0, 0
1761505555, 4389, 82342, 0, 17739, 0, 332740, 385, 42998, 0, 0, 0, 0
1761505556, 4478, 85753, 0, 18316, 0, 333628, 422, 46431, 0, 0, 0, 0
1761505557, 5602, 89084, 0, 13223, 0, 334344, 389, 42602, 0, 0, 0, 0
1761505558, 5351, 91703, 0, 15195, 0, 335330, 497, 42194, 0, 0, 0, 0
1761505559, 5786, 92056, 0, 13618, 0, 336059, 431, 45289, 0, 0, 0, 0
1761505560, 5536, 94096, 0, 14903, 0, 336989, 576, 39613, 0, 0, 0, 0
1761505561, 4475, 90883, 0, 20068, 0, 337763, 727, 52100, 0, 0, 0, 0
1761505562, 3818, 78363, 0, 20643, 0, 338759, 579, 52115, 0, 0, 0, 0
1761505563, 3190, 70757, 0, 23027, 0, 339502, 557, 47827, 0, 0, 0, 0
1761505564, 3781, 73775, 0, 19421, 0, 340490, 582, 49484, 0, 0, 0, 0
1761505565, 3723, 82606, 0, 23630, 0, 341328, 599, 49024, 0, 0, 0, 0
1761505566, 3085, 70529, 0, 24583, 0, 342207, 734, 46420, 0, 0, 0, 0
1761505567, 3714, 72150, 0, 19848, 0, 342821, 664, 46074, 0, 0, 0, 0
1761505568, 4031, 75483, 0, 18106, 0, 343814, 739, 49848, 0, 0, 0, 0
1761505569, 3331, 71449, 0, 22689, 0, 344809, 622, 51043, 0, 0, 0, 0
1761505570, 4886, 85847, 0, 16534, 0, 345619, 608, 51741, 0, 0, 0, 0
1761505571, 5834, 93349, 0, 14292, 0, 346428, 579, 47132, 0, 0, 0, 0
1761505572, 6941, 104640, 0, 12354, 0, 347373, 591, 48659, 0, 0, 0, 0
1761505573, 7216, 101448, 0, 10936, 0, 348330, 825, 51002, 0, 0, 0, 0
1761505574, 6689, 99113, 0, 12290, 0, 349257, 874, 55156, 0, 0, 0, 0
1761505575, 4433, 80987, 0, 17642, 0, 350085, 508, 51255, 0, 0, 0, 0
1761505576, 2739, 66317, 0, 28230, 0, 351069, 494, 47266, 0, 0, 0, 0
1761505577, 3893, 86789, 0, 24181, 0, 351828, 767, 55606, 0, 0, 0, 0
1761505578, 4084, 78585, 0, 19426, 0, 352816, 841, 53212, 0, 0, 0, 0
1761505579, 5256, 95395, 0, 17587, 0, 353778, 1593, 60141, 0, 0, 0, 0
1761505580, 6321, 93883, 0, 12167, 0, 354666, 975, 52588, 0, 0, 0, 0
1761505581, 4393, 79208, 0, 17366, 0, 355517, 435, 48682, 0, 0, 0, 0
1761505582, 6140, 103189, 0, 15477, 0, 356534, 1419, 66603, 0, 0, 0, 0
1761505583, 3468, 72504, 0, 22494, 0, 357471, 543, 49672, 0, 0, 0, 0
1761505584, 3781, 83176, 0, 24084, 0, 358231, 533, 48251, 0, 0, 0, 0
1761505585, 3617, 78472, 0, 23358, 0, 359241, 673, 47668, 0, 0, 0, 0
1761505586, 5335, 98172, 0, 18452, 0, 359970, 797, 52338, 0, 0, 0, 0
1761505587, 4651, 86403, 0, 18848, 0, 360956, 640, 47933, 0, 0, 0, 0
1761505588, 4914, 82238, 0, 15748, 0, 361777, 625, 50090, 0, 0, 0, 0
1761505589, 6242, 90053, 0, 11885, 0, 362572, 808, 49072, 0, 0, 0, 0
1761505590, 6256, 101998, 0, 14960, 0, 363600, 912, 50304, 0, 0, 0, 0
1761505591, 4982, 84967, 0, 17128, 0, 364487, 425, 42621, 0, 0, 0, 0
1761505592, 6083, 93395, 0, 14103, 0, 365192, 1015, 51335, 0, 0, 0, 0
1761505593, 5185, 90240, 0, 17135, 0, 366189, 553, 45193, 0, 0, 0, 0
1761505594, 4650, 85830, 0, 19254, 0, 366573, 454, 44553, 0, 0, 0, 0
1761505595, 4633, 87481, 0, 19412, 0, 367591, 479, 45613, 0, 0, 0, 0
1761505596, 5049, 91022, 0, 19017, 0, 368562, 632, 50539, 0, 0, 0, 0
1761505597, 6143, 104623, 0, 16245, 0, 369301, 768, 54510, 0, 0, 0, 0
1761505598, 7274, 98959, 0, 10547, 0, 370004, 1291, 53142, 0, 0, 0, 0
1761505599, 6267, 96339, 0, 13731, 0, 370994, 646, 49057, 0, 0, 0, 0
1761505600, 7132, 96093, 0, 10801, 0, 371741, 1731, 51267, 0, 0, 0, 0
1761505601, 7406, 101257, 0, 12149, 0, 372715, 2240, 62589, 0, 0, 0, 0
1761505602, 8619, 106818, 0, 9656, 0, 373456, 2604, 63189, 0, 0, 0, 0
1761505603, 6337, 91448, 0, 12982, 0, 374445, 2139, 59595, 0, 0, 0, 0
1761505604, 6617, 104917, 0, 15710, 0, 375162, 1512, 65518, 0, 0, 0, 0
1761505605, 6154, 90548, 0, 14406, 0, 376166, 913, 54799, 0, 0, 0, 0
1761505606, 6582, 86295, 0, 11585, 0, 376883, 930, 42837, 0, 0, 0, 0
1761505607, 5979, 83135, 0, 12661, 0, 377886, 669, 41375, 0, 0, 0, 0
1761505608, 6097, 91689, 0, 13924, 0, 378516, 881, 46574, 0, 0, 0, 0
1761505609, 6016, 93523, 0, 15291, 0, 379284, 756, 47382, 0, 0, 0, 0
1761505610, 4884, 87736, 0, 19766, 0, 380224, 1346, 56159, 0, 0, 0, 0
1761505611, 7376, 104684, 0, 12121, 0, 381002, 1694, 60840, 0, 0, 0, 0
1761505612, 8272, 106030, 0, 9594, 0, 381902, 1471, 54152, 0, 0, 0, 0
1761505613, 6555, 98597, 0, 14066, 0, 382657, 847, 49283, 0, 0, 0, 0
1761505614, 5567, 92673, 0, 17167, 0, 383280, 922, 48284, 0, 0, 0, 0
1761505615, 5222, 92766, 0, 19372, 0, 384020, 751, 49528, 0, 0, 0, 0
1761505616, 3749, 72805, 0, 22170, 0, 384861, 959, 44367, 0, 0, 0, 0
1761505617, 4479, 85723, 0, 21361, 0, 385602, 770, 46985, 0, 0, 0, 0
1761505618, 3862, 83062, 0, 25679, 0, 386546, 1208, 53595, 0, 0, 0, 0
1761505619, 4994, 86424, 0, 18282, 0, 387317, 1022, 48425, 0, 0, 0, 0
1761505620, 5135, 81364, 0, 15810, 0, 388119, 1148, 47729, 0, 0, 0, 0
1761505621, 5275, 80053, 0, 14250, 0, 388984, 1117, 46744, 0, 0, 0, 0
1761505622, 4928, 90232, 0, 19219, 0, 389874, 776, 46875, 0, 0, 0, 0
1761505623, 5255, 92632, 0, 19141, 0, 390496, 738, 50165, 0, 0, 0, 0
1761505624, 4735, 91623, 0, 22434, 0, 391505, 977, 52562, 0, 0, 0, 0
1761505625, 5204, 85760, 0, 17512, 0, 392324, 718, 45336, 0, 0, 0, 0
1761505626, 4257, 78252, 0, 20665, 0, 393156, 719, 45192, 0, 0, 0, 0
1761505627, 4009, 81150, 0, 23859, 0, 394027, 698, 47965, 0, 0, 0, 0
1761505628, 3838, 80757, 0, 25619, 0, 394818, 740, 49580, 0, 0, 0, 0
1761505629, 5063, 90042, 0, 18931, 0, 395674, 1169, 52216, 0, 0, 0, 0
1761505630, 5692, 93625, 0, 17031, 0, 396435, 941, 46636, 0, 0, 0, 0
1761505631, 6506, 94819, 0, 13603, 0, 397234, 1225, 50878, 0, 0, 0, 0
1761505632, 5473, 91709, 0, 17486, 0, 397887, 998, 48838, 0, 0, 0, 0
1761505633, 4587, 78933, 0, 18586, 0, 398885, 1212, 52277, 0, 0, 0, 0
1761505634, 6028, 96260, 0, 16484, 0, 399670, 1076, 52176, 0, 0, 0, 0
1761505635, 3089, 73885, 0, 31303, 0, 400512, 797, 44822, 0, 0, 0, 0
1761505636, 2786, 72714, 0, 34331, 0, 401293, 613, 46389, 0, 0, 0, 0
1761505637, 4227, 81168, 0, 23144, 0, 402017, 1054, 47637, 0, 0, 0, 0
1761505638, 2546, 69380, 0, 36805, 0, 402736, 580, 44549, 0, 0, 0, 0
1761505639, 4743, 79561, 0, 18478, 0, 403700, 954, 52093, 0, 0, 0, 0
1761505640, 5745, 88541, 0, 16226, 0, 404452, 673, 51475, 0, 0, 0, 0
1761505641, 2233, 65482, 0, 41891, 0, 404961, 532, 48951, 0, 0, 0, 0
1761505642, 4985, 89045, 0, 20009, 0, 405845, 994, 52015, 0, 0, 0, 0
1761505643, 4165, 88571, 0, 26360, 0, 406582, 803, 53289, 0, 0, 0, 0
1761505644, 2414, 73483, 0, 43920, 0, 407369, 529, 50261, 0, 0, 0, 0
1761505645, 2674, 72114, 0, 37349, 0, 408279, 596, 47921, 0, 0, 0, 0
1761505646, 2544, 66721, 0, 36141, 0, 409007, 569, 44601, 0, 0, 0, 0
1761505647, 2985, 85902, 0, 40886, 0, 409721, 666, 53333, 0, 0, 0, 0
1761505648, 3494, 74413, 0, 26092, 0, 410454, 661, 42108, 0, 0, 0, 0
1761505649, 3127, 77167, 0, 33408, 0, 411171, 577, 46617, 0, 0, 0, 0
1761505650, 2866, 72056, 0, 33890, 0, 411895, 717, 43817, 0, 0, 0, 0
1761505651, 2234, 73251, 0, 47766, 0, 412321, 502, 45659, 0, 0, 0, 0
1761505652, 2192, 67202, 0, 44419, 0, 413045, 508, 43907, 0, 0, 0, 0
1761505653, 2695, 72812, 0, 38088, 0, 413490, 700, 46044, 0, 0, 0, 0
1761505654, 3186, 79256, 0, 32547, 0, 413905, 770, 46762, 0, 0, 0, 0
1761505655, 4533, 93971, 0, 26403, 0, 414633, 523, 52852, 0, 0, 0, 0
1761505656, 3579, 83770, 0, 31848, 0, 415361, 543, 50178, 0, 0, 0, 0
1761505657, 2765, 73273, 0, 37206, 0, 416072, 589, 44964, 0, 0, 0, 0
1761505658, 2015, 68390, 0, 51141, 0, 416928, 426, 44825, 0, 0, 0, 0
1761505659, 3766, 70872, 0, 24080, 0, 417785, 496, 40011, 0, 0, 0, 0
1761505660, 3525, 87184, 0, 35165, 0, 418508, 465, 51701, 0, 0, 0, 0
1761505661, 3267, 74627, 0, 30662, 0, 419309, 673, 46033, 0, 0, 0, 0
1761505662, 4401, 96016, 0, 29500, 0, 419936, 1033, 59317, 0, 0, 0, 0
1761505663, 2237, 64492, 0, 42399, 0, 420661, 514, 41925, 0, 0, 0, 0
1761505664, 2243, 65135, 0, 42407, 0, 421363, 456, 40788, 0, 0, 0, 0
1761505665, 2456, 70673, 0, 42985, 0, 421995, 481, 46489, 0, 0, 0, 0
1761505666, 2329, 61794, 0, 38210, 0, 422686, 611, 45965, 0, 0, 0, 0
1761505667, 2681, 62889, 0, 31822, 0, 423383, 505, 45771, 0, 0, 0, 0
1761505668, 3325, 66931, 0, 26294, 0, 424254, 673, 48575, 0, 0, 0, 0
1761505669, 2757, 68399, 0, 35700, 0, 424897, 580, 53367, 0, 0, 0, 0
1761505670, 3413, 73114, 0, 28356, 0, 425638, 681, 48223, 0, 0, 0, 0
1761505671, 2857, 64962, 0, 31599, 0, 426351, 732, 44389, 0, 0, 0, 0
1761505672, 3091, 72131, 0, 32589, 0, 427124, 650, 45017, 0, 0, 0, 0
1761505673, 5309, 90155, 0, 18783, 0, 428113, 985, 49404, 0, 0, 0, 0
1761505674, 2600, 59731, 0, 31623, 0, 428656, 613, 45318, 0, 0, 0, 0
1761505675, 2409, 67395, 0, 40922, 0, 429689, 667, 52641, 0, 0, 0, 0
1761505676, 3506, 75123, 0, 28906, 0, 430547, 996, 51711, 0, 0, 0, 0
1761505677, 7520, 109746, 0, 14415, 0, 431304, 1664, 59617, 0, 0, 0, 0
1761505678, 3556, 76207, 0, 27997, 0, 432280, 712, 48056, 0, 0, 0, 0
1761505679, 4205, 78483, 0, 22530, 0, 433005, 1097, 54607, 0, 0, 0, 0
1761505680, 4510, 84541, 0, 23420, 0, 433879, 935, 58868, 0, 0, 0, 0
1761505681, 6208, 99905, 0, 17656, 0, 434711, 1030, 59469, 0, 0, 0, 0
1761505682, 3279, 71018, 0, 29743, 0, 435436, 626, 42412, 0, 0, 0, 0
1761505683, 2101, 60229, 0, 43799, 0, 436435, 798, 46678, 0, 0, 0, 0
1761505684, 3570, 74885, 0, 28642, 0, 437146, 585, 45516, 0, 0, 0, 0
1761505685, 2514, 80043, 0, 50177, 0, 437685, 568, 53656, 0, 0, 0, 0
1761505686, 4940, 75940, 0, 16674, 0, 438405, 996, 46790, 0, 0, 0, 0
1761505687, 4655, 82069, 0, 21031, 0, 439300, 1028, 45396, 0, 0, 0, 0
1761505688, 5511, 84402, 0, 16365, 0, 440029, 801, 42647, 0, 0, 0, 0
1761505689, 3028, 66648, 0, 31147, 0, 441030, 376, 39254, 0, 0, 0, 0
1761505690, 3867, 75743, 0, 25283, 0, 441745, 940, 49912, 0, 0, 0, 0
1761505691, 3880, 80263, 0, 28357, 0, 442473, 836, 49311, 0, 0, 0, 0
1761505692, 2691, 65296, 0, 35713, 0, 443465, 869, 52514, 0, 0, 0, 0
1761505693, 3255, 74439, 0, 31934, 0, 444277, 725, 54345, 0, 0, 0, 0
1761505694, 6114, 91164, 0, 15060, 0, 445193, 1246, 53108, 0, 0, 0, 0
1761505695, 2706, 66671, 0, 35432, 0, 445881, 480, 48334, 0, 0, 0, 0
1761505696, 2125, 60581, 0, 44480, 0, 446590, 513, 47297, 0, 0, 0, 0
1761505697, 4333, 84050, 0, 24970, 0, 447313, 650, 54911, 0, 0, 0, 0
1761505698, 2625, 66401, 0, 37447, 0, 448155, 559, 50423, 0, 0, 0, 0
1761505699, 4469, 84499, 0, 23939, 0, 449040, 665, 54574, 0, 0, 0, 0
1761505700, 3663, 73759, 0, 26821, 0, 450031, 751, 51119, 0, 0, 0, 0
1761505701, 5164, 85471, 0, 20070, 0, 450732, 1258, 56495, 0, 0, 0, 0
1761505702, 4796, 89754, 0, 24618, 0, 451556, 1020, 55572, 0, 0, 0, 0
1761505703, 3341, 72766, 0, 31472, 0, 452441, 591, 43010, 0, 0, 0, 0
1761505704, 2647, 68969, 0, 39738, 0, 453149, 455, 42335, 0, 0, 0, 0
1761505705, 2354, 68434, 0, 46834, 0, 454160, 662, 49903, 0, 0, 0, 0
1761505706, 3189, 76553, 0, 35682, 0, 455012, 577, 46139, 0, 0, 0, 0
1761505707, 2396, 68127, 0, 45369, 0, 455881, 498, 45764, 0, 0, 0, 0
1761505708, 2755, 72899, 0, 41036, 0, 456784, 562, 46757, 0, 0, 0, 0
1761505709, 3502, 76475, 0, 31882, 0, 457599, 457, 43307, 0, 0, 0, 0
1761505710, 3032, 78633, 0, 40342, 0, 458527, 414, 48185, 0, 0, 0, 0
1761505711, 2897, 75135, 0, 40607, 0, 459309, 492, 49144, 0, 0, 0, 0
1761505712, 4509, 87680, 0, 27421, 0, 460179, 631, 53127, 0, 0, 0, 0
1761505713, 5836, 91317, 0, 18649, 0, 461042, 1252, 50709, 0, 0, 0, 0
1761505714, 4716, 80699, 0, 21484, 0, 461813, 478, 41219, 0, 0, 0, 0
1761505715, 3998, 85115, 0, 30617, 0, 462609, 638, 54165, 0, 0, 0, 0
1761505716, 3692, 78703, 0, 29552, 0, 463477, 680, 53053, 0, 0, 0, 0
1761505717, 2606, 68683, 0, 41026, 0, 464287, 417, 42302, 0, 0, 0, 0
1761505718, 3747, 80148, 0, 30769, 0, 465197, 631, 44954, 0, 0, 0, 0
1761505719, 1613, 66201, 0, 74511, 0, 466054, 414, 45259, 0, 0, 0, 0
1761505720, 3851, 70181, 0, 25068, 0, 466908, 1087, 44881, 0, 0, 0, 0
1761505721, 3981, 77744, 0, 27993, 0, 467774, 765, 48769, 0, 0, 0, 0
1761505722, 3413, 75556, 0, 32733, 0, 468638, 619, 47120, 0, 0, 0, 0
1761505723, 3284, 76613, 0, 34350, 0, 469630, 557, 44409, 0, 0, 0, 0
1761505724, 3468, 72179, 0, 28174, 0, 470630, 538, 40220, 0, 0, 0, 0
1761505725, 2860, 75872, 0, 42293, 0, 471495, 735, 49881, 0, 0, 0, 0
1761505726, 6722, 95805, 0, 15774, 0, 472445, 770, 52444, 0, 0, 0, 0
1761505727, 2398, 72399, 0, 51059, 0, 473356, 526, 45659, 0, 0, 0, 0
1761505728, 2024, 69897, 0, 61112, 0, 474199, 427, 46067, 0, 0, 0, 0
1761505729, 2063, 63972, 0, 52991, 0, 475089, 414, 42020, 0, 0, 0, 0
1761505730, 3033, 69069, 0, 35330, 0, 475748, 814, 43844, 0, 0, 0, 0
1761505731, 2357, 69764, 0, 50210, 0, 476754, 433, 43815, 0, 0, 0, 0
1761505732, 1719, 63206, 0, 65939, 0, 477750, 469, 42736, 0, 0, 0, 0
1761505733, 1793, 66839, 0, 66608, 0, 478750, 535, 45430, 0, 0, 0, 0
1761505734, 2205, 64543, 0, 48569, 0, 479736, 454, 40070, 0, 0, 0, 0
1761505735, 2065, 71093, 0, 60755, 0, 480536, 460, 46827, 0, 0, 0, 0
1761505736, 1650, 66201, 0, 74209, 0, 480939, 413, 44432, 0, 0, 0, 0
1761505737, 4085, 77654, 0, 27459, 0, 481771, 517, 44563, 0, 0, 0, 0
1761505738, 2388, 65638, 0, 44501, 0, 482494, 532, 49839, 0, 0, 0, 0
1761505739, 2486, 67468, 0, 45369, 0, 483076, 744, 49938, 0, 0, 0, 0
1761505740, 2847, 71990, 0, 40268, 0, 483881, 1074, 51692, 0, 0, 0, 0
1761505741, 3307, 73194, 0, 34193, 0, 484508, 740, 47345, 0, 0, 0, 0
1761505742, 3276, 71678, 0, 32840, 0, 485495, 610, 45749, 0, 0, 0, 0
1761505743, 3223, 69756, 0, 32777, 0, 486362, 585, 40581, 0, 0, 0, 0
1761505744, 8623, 106940, 0, 11518, 0, 486845, 2251, 57969, 0, 0, 0, 0
1761505745, 4476, 87609, 0, 27370, 0, 487442, 969, 60637, 0, 0, 0, 0
1761505746, 5105, 87092, 0, 21958, 0, 488012, 972, 54619, 0, 0, 0, 0
1761505747, 3768, 78771, 0, 30963, 0, 488847, 703, 50696, 0, 0, 0, 0
1761505748, 4147, 83388, 0, 29635, 0, 489735, 1086, 47637, 0, 0, 0, 0
1761505749, 2827, 78683, 0, 47196, 0, 490576, 849, 51680, 0, 0, 0, 0
1761505750, 4300, 82615, 0, 25668, 0, 491447, 635, 46577, 0, 0, 0, 0
1761505751, 3464, 81831, 0, 37278, 0, 492285, 512, 46071, 0, 0, 0, 0
1761505752, 5048, 89690, 0, 24252, 0, 492782, 928, 54235, 0, 0, 0, 0
1761505753, 5599, 99772, 0, 24257, 0, 493229, 600, 58618, 0, 0, 0, 0
1761505754, 4768, 89540, 0, 26168, 0, 493901, 547, 44915, 0, 0, 0, 0
1761505755, 4239, 78929, 0, 26816, 0, 494725, 684, 50113, 0, 0, 0, 0
1761505756, 2863, 77859, 0, 45923, 0, 495558, 547, 49502, 0, 0, 0, 0
1761505757, 2203, 71062, 0, 57731, 0, 496334, 662, 54998, 0, 0, 0, 0
1761505758, 2668, 73012, 0, 45542, 0, 497173, 558, 45078, 0, 0, 0, 0
1761505759, 2743, 68292, 0, 40484, 0, 497778, 514, 41536, 0, 0, 0, 0
1761505760, 4454, 89455, 0, 29744, 0, 498518, 700, 51608, 0, 0, 0, 0
1761505761, 4448, 78104, 0, 24354, 0, 499402, 942, 43811, 0, 0, 0, 0
1761505762, 2859, 71331, 0, 41009, 0, 500280, 550, 43021, 0, 0, 0, 0
1761505763, 2503, 71699, 0, 50026, 0, 501132, 603, 49033, 0, 0, 0, 0
1761505764, 3000, 66144, 0, 35045, 0, 502007, 715, 40404, 0, 0, 0, 0
1761505765, 2378, 58105, 0, 40757, 0, 502947, 499, 38126, 0, 0, 0, 0
1761505766, 2267, 62430, 0, 47972, 0, 503255, 804, 44271, 0, 0, 0, 0
1761505767, 4624, 85462, 0, 25201, 0, 503582, 964, 49132, 0, 0, 0, 0
1761505768, 4012, 76868, 0, 27830, 0, 504419, 682, 42306, 0, 0, 0, 0
1761505769, 3666, 78601, 0, 34288, 0, 504947, 515, 44213, 0, 0, 0, 0
1761505770, 4519, 95869, 0, 30589, 0, 505313, 446, 48966, 0, 0, 0, 0
1761505771, 6696, 93421, 0, 15975, 0, 505873, 962, 48835, 0, 0, 0, 0
1761505772, 4467, 87869, 0, 30214, 0, 506458, 432, 48855, 0, 0, 0, 0
1761505773, 3715, 80697, 0, 35484, 0, 507126, 511, 45835, 0, 0, 0, 0
1761505774, 5279, 85868, 0, 21188, 0, 507735, 981, 49028, 0, 0, 0, 0
1761505775, 4893, 87636, 0, 25170, 0, 508243, 808, 53031, 0, 0, 0, 0
1761505776, 4095, 77976, 0, 28955, 0, 508868, 719, 42941, 0, 0, 0, 0
1761505777, 3268, 75064, 0, 37520, 0, 509532, 539, 45909, 0, 0, 0, 0
1761505778, 5313, 83961, 0, 20852, 0, 510275, 773, 48854, 0, 0, 0, 0
1761505779, 3336, 74152, 0, 35929, 0, 511018, 613, 47103, 0, 0, 0, 0
1761505780, 2672, 79935, 0, 53394, 0, 511546, 599, 53274, 0, 0, 0, 0
1761505781, 4146, 82481, 0, 31476, 0, 512285, 844, 52040, 0, 0, 0, 0
1761505782, 5890, 93602, 0, 20428, 0, 512963, 788, 47466, 0, 0, 0, 0
1761505783, 3312, 74045, 0, 35232, 0, 513715, 441, 52464, 0, 0, 0, 0
1761505784, 3585, 68426, 0, 29492, 0, 514452, 758, 49007, 0, 0, 0, 0
1761505785, 5632, 86202, 0, 20227, 0, 515297, 758, 52270, 0, 0, 0, 0
1761505786, 2758, 66514, 0, 40009, 0, 516017, 632, 49845, 0, 0, 0, 0
1761505787, 2185, 65099, 0, 54435, 0, 516737, 539, 50753, 0, 0, 0, 0
1761505788, 2273, 70033, 0, 56918, 0, 517535, 504, 43852, 0, 0, 0, 0
1761505789, 1686, 70497, 0, 85077, 0, 518140, 424, 47847, 0, 0, 0, 0
1761505790, 5864, 95976, 0, 21279, 0, 519041, 555, 45427, 0, 0, 0, 0
1761505791, 3648, 86212, 0, 40424, 0, 519765, 766, 55175, 0, 0, 0, 0
1761505792, 2170, 63304, 0, 54386, 0, 520578, 539, 43292, 0, 0, 0, 0
1761505793, 1643, 60620, 0, 72464, 0, 521424, 413, 40948, 0, 0, 0, 0
1761505794, 2093, 76926, 0, 72753, 0, 521941, 496, 51351, 0, 0, 0, 0
1761505795, 2253, 74686, 0, 63826, 0, 522328, 562, 47600, 0, 0, 0, 0
1761505796, 1952, 70857, 0, 72530, 0, 522944, 544, 48817, 0, 0, 0, 0
1761505797, 1979, 68360, 0, 67014, 0, 523814, 452, 43440, 0, 0, 0, 0
1761505798, 1893, 66948, 0, 69381, 0, 524643, 406, 42277, 0, 0, 0, 0
1761505799, 2459, 74281, 0, 56758, 0, 525219, 629, 49700, 0, 0, 0, 0
1761505800, 3040, 72017, 0, 40573, 0, 525772, 462, 43340, 0, 0, 0, 0
1761505801, 3931, 68356, 0, 25282, 0, 526627, 622, 45565, 0, 0, 0, 0
1761505802, 7422, 101429, 0, 15707, 0, 527236, 851, 48496, 0, 0, 0, 0
1761505803, 2167, 69007, 0, 61493, 0, 527949, 497, 46616, 0, 0, 0, 0
1761505804, 2507, 62527, 0, 43864, 0, 528495, 627, 44369, 0, 0, 0, 0
1761505805, 3461, 90758, 0, 46437, 0, 529191, 484, 54720, 0, 0, 0, 0
1761505806, 2584, 70432, 0, 49998, 0, 529658, 802, 47303, 0, 0, 0, 0
1761505807, 2589, 67817, 0, 47212, 0, 530576, 399, 34308, 0, 0, 0, 0
1761505808, 2827, 66524, 0, 40781, 0, 531352, 455, 37013, 0, 0, 0, 0
1761505809, 3314, 72850, 0, 36648, 0, 532102, 522, 34677, 0, 0, 0, 0
1761505810, 2811, 75281, 0, 49077, 0, 533015, 547, 41777, 0, 0, 0, 0
1761505811, 2537, 80481, 0, 61283, 0, 533883, 525, 39690, 0, 0, 0, 0
1761505812, 1798, 69846, 0, 78637, 0, 534784, 299, 32004, 0, 0, 0, 0
1761505813, 1909, 77057, 0, 83415, 0, 535573, 428, 40688, 0, 0, 0, 0
1761505814, 1780, 71193, 0, 83746, 0, 536283, 409, 37101, 0, 0, 0, 0
1761505815, 1972, 68138, 0, 70539, 0, 537217, 454, 34086, 0, 0, 0, 0
1761505816, 2019, 69714, 0, 69150, 0, 537961, 297, 31289, 0, 0, 0, 0
1761505817, 2110, 74395, 0, 71124, 0, 538959, 356, 37715, 0, 0, 0, 0
1761505818, 2094, 72824, 0, 69406, 0, 539948, 441, 42040, 0, 0, 0, 0
1761505819, 3383, 91024, 0, 46740, 0, 540679, 521, 42945, 0, 0, 0, 0
1761505820, 3049, 88392, 0, 54779, 0, 541635, 496, 42722, 0, 0, 0, 0
1761505821, 2600, 74469, 0, 53750, 0, 542394, 495, 40742, 0, 0, 0, 0
1761505822, 2386, 75475, 0, 62575, 0, 543113, 453, 40202, 0, 0, 0, 0
1761505823, 2163, 75058, 0, 70570, 0, 543768, 490, 36524, 0, 0, 0, 0
1761505824, 2034, 79256, 0, 81136, 0, 544558, 467, 42347, 0, 0, 0, 0
1761505825, 2848, 54493, 0, 30803, 0, 545516, 587, 33390, 0, 0, 0, 0
1761505826, 6691, 104972, 0, 21510, 0, 546455, 1122, 51664, 0, 0, 0, 0
1761505827, 9020, 108606, 0, 12280, 0, 547362, 1639, 54177, 0, 0, 0, 0
1761505828, 4683, 82739, 0, 26369, 0, 548243, 698, 51840, 0, 0, 0, 0
1761505829, 3933, 73127, 0, 29998, 0, 549198, 574, 48986, 0, 0, 0, 0
1761505830, 2771, 66144, 0, 42584, 0, 549995, 618, 48475, 0, 0, 0, 0
1761505831, 2572, 76722, 0, 58819, 0, 550904, 468, 39239, 0, 0, 0, 0
1761505832, 2708, 77123, 0, 55383, 0, 551677, 484, 40333, 0, 0, 0, 0
1761505833, 4281, 83777, 0, 32018, 0, 552604, 631, 45681, 0, 0, 0, 0
1761505834, 2337, 79706, 0, 69823, 0, 553405, 522, 40852, 0, 0, 0, 0
1761505835, 1934, 67963, 0, 72419, 0, 554358, 404, 38830, 0, 0, 0, 0
1761505836, 1993, 58295, 0, 58638, 0, 555256, 455, 39445, 0, 0, 0, 0
1761505837, 1598, 62962, 0, 84178, 0, 556102, 339, 38345, 0, 0, 0, 0
1761505838, 3631, 80400, 0, 39164, 0, 557026, 882, 46882, 0, 0, 0, 0
1761505839, 2737, 81634, 0, 59808, 0, 557868, 542, 42690, 0, 0, 0, 0
1761505840, 1607, 68218, 0, 93038, 0, 558786, 356, 36625, 0, 0, 0, 0
1761505841, 2504, 73267, 0, 59356, 0, 559722, 432, 42459, 0, 0, 0, 0
1761505842, 2444, 64991, 0, 51664, 0, 560315, 570, 38843, 0, 0, 0, 0
1761505843, 3262, 67152, 0, 34799, 0, 561178, 543, 38140, 0, 0, 0, 0
1761505844, 2121, 69114, 0, 67749, 0, 562007, 468, 45740, 0, 0, 0, 0
1761505845, 2618, 64905, 0, 47017, 0, 562844, 950, 44534, 0, 0, 0, 0
1761505846, 6515, 103972, 0, 22721, 0, 563724, 1315, 57254, 0, 0, 0, 0
1761505847, 2347, 59223, 0, 47122, 0, 564575, 567, 45409, 0, 0, 0, 0
1761505848, 2387, 64189, 0, 52101, 0, 565508, 449, 49342, 0, 0, 0, 0
1761505849, 6865, 94322, 0, 16912, 0, 565981, 1350, 51790, 0, 0, 0, 0
1761505850, 3453, 73283, 0, 37788, 0, 566997, 783, 48815, 0, 0, 0, 0
1761505851, 2638, 71491, 0, 53668, 0, 568006, 476, 47163, 0, 0, 0, 0
1761505852, 2755, 73179, 0, 51881, 0, 568993, 617, 46000, 0, 0, 0, 0
1761505853, 1869, 62660, 0, 70361, 0, 569994, 401, 43198, 0, 0, 0, 0
1761505854, 1857, 72338, 0, 86355, 0, 570590, 448, 49204, 0, 0, 0, 0
1761505855, 1632, 64942, 0, 88408, 0, 571548, 514, 45695, 0, 0, 0, 0
1761505856, 2874, 72357, 0, 47635, 0, 572464, 603, 53433, 0, 0, 0, 0
1761505857, 1756, 59331, 0, 72652, 0, 573238, 423, 42621, 0, 0, 0, 0
1761505858, 1769, 61695, 0, 76259, 0, 573878, 426, 43247, 0, 0, 0, 0
1761505859, 1987, 61095, 0, 63736, 0, 574640, 629, 43573, 0, 0, 0, 0
1761505860, 3270, 74071, 0, 41979, 0, 575386, 650, 47056, 0, 0, 0, 0
1761505861, 4431, 79064, 0, 28403, 0, 576281, 755, 47737, 0, 0, 0, 0
1761505862, 2449, 74744, 0, 63258, 0, 577018, 477, 49281, 0, 0, 0, 0
1761505863, 2183, 63213, 0, 59486, 0, 577730, 539, 47737, 0, 0, 0, 0
1761505864, 2448, 66737, 0, 53558, 0, 578294, 459, 45530, 0, 0, 0, 0
1761505865, 2276, 64835, 0, 57373, 0, 578883, 472, 44312, 0, 0, 0, 0
1761505866, 2411, 70745, 0, 60211, 0, 579331, 561, 50355, 0, 0, 0, 0
1761505867, 2634, 72607, 0, 54987, 0, 579903, 508, 47564, 0, 0, 0, 0
1761505868, 2420, 68468, 0, 57455, 0, 580683, 596, 52914, 0, 0, 0, 0
1761505869, 8379, 110117, 0, 15710, 0, 581438, 1685, 59547, 0, 0, 0, 0
1761505870, 3805, 72435, 0, 32559, 0, 582103, 763, 49952, 0, 0, 0, 0
1761505871, 2983, 65467, 0, 39792, 0, 582861, 546, 46078, 0, 0, 0, 0
1761505872, 3831, 72921, 0, 32083, 0, 583192, 518, 48281, 0, 0, 0, 0
1761505873, 2621, 65499, 0, 49739, 0, 583853, 635, 42552, 0, 0, 0, 0
1761505874, 2498, 69715, 0, 57780, 0, 584451, 791, 49481, 0, 0, 0, 0
1761505875, 1875, 61725, 0, 71147, 0, 585133, 428, 43214, 0, 0, 0, 0
1761505876, 2570, 66130, 0, 49758, 0, 585838, 641, 48220, 0, 0, 0, 0
1761505877, 1994, 66935, 0, 73189, 0, 586470, 521, 46055, 0, 0, 0, 0
1761505878, 1636, 57351, 0, 76069, 0, 587187, 519, 45691, 0, 0, 0, 0
1761505879, 1956, 59373, 0, 63357, 0, 588000, 447, 46665, 0, 0, 0, 0
1761505880, 2842, 75415, 0, 53341, 0, 588712, 570, 55331, 0, 0, 0, 0
1761505881, 1982, 70472, 0, 77831, 0, 589433, 489, 51055, 0, 0, 0, 0
1761505882, 1876, 71232, 0, 84378, 0, 590145, 489, 37075, 0, 0, 0, 0
1761505883, 2090, 71605, 0, 74511, 0, 590871, 461, 40857, 0, 0, 0, 0
1761505884, 2239, 76393, 0, 74344, 0, 591585, 429, 37741, 0, 0, 0, 0
1761505885, 2868, 79202, 0, 56782, 0, 591973, 383, 39832, 0, 0, 0, 0
1761505886, 2565, 85316, 0, 73844, 0, 592418, 642, 42550, 0, 0, 0, 0
1761505887, 7227, 99103, 0, 18608, 0, 593164, 1483, 54666, 0, 0, 0, 0
1761505888, 4106, 73775, 0, 29858, 0, 593926, 796, 49644, 0, 0, 0, 0
1761505889, 7381, 106821, 0, 19986, 0, 594856, 1277, 54415, 0, 0, 0, 0
1761505890, 3276, 76494, 0, 45019, 0, 595651, 642, 52729, 0, 0, 0, 0
1761505891, 2867, 71514, 0, 49158, 0, 596633, 563, 41047, 0, 0, 0, 0
1761505892, 2617, 74849, 0, 59571, 0, 597365, 549, 48115, 0, 0, 0, 0
1761505893, 1999, 60234, 0, 63501, 0, 598165, 421, 39264, 0, 0, 0, 0
1761505894, 3351, 71285, 0, 39662, 0, 599095, 556, 42835, 0, 0, 0, 0
1761505895, 2301, 67404, 0, 61641, 0, 599875, 513, 49015, 0, 0, 0, 0
1761505896, 1770, 70434, 0, 90788, 0, 600820, 431, 48067, 0, 0, 0, 0
1761505897, 2418, 71803, 0, 61560, 0, 601542, 621, 46716, 0, 0, 0, 0
1761505898, 2401, 74527, 0, 66368, 0, 602528, 555, 48450, 0, 0, 0, 0
1761505899, 3668, 77406, 0, 39218, 0, 603412, 657, 49081, 0, 0, 0, 0
1761505900, 3317, 80310, 0, 47218, 0, 604267, 425, 44455, 0, 0, 0, 0
1761505901, 2089, 74631, 0, 81683, 0, 605130, 507, 47759, 0, 0, 0, 0
1761505902, 3082, 80077, 0, 52635, 0, 605612, 681, 48363, 0, 0, 0, 0
1761505903, 2609, 66260, 0, 51207, 0, 606618, 618, 47789, 0, 0, 0, 0
1761505904, 2372, 69971, 0, 60800, 0, 607612, 635, 51745, 0, 0, 0, 0
1761505905, 4668, 92548, 0, 35140, 0, 608406, 657, 51540, 0, 0, 0, 0
1761505906, 4803, 86684, 0, 29153, 0, 609399, 779, 45486, 0, 0, 0, 0
1761505907, 2143, 68082, 0, 69111, 0, 610133, 493, 42912, 0, 0, 0, 0
1761505908, 5352, 87463, 0, 24907, 0, 611127, 1218, 51794, 0, 0, 0, 0
1761505909, 4292, 88381, 0, 36925, 0, 612107, 789, 49091, 0, 0, 0, 0
1761505910, 2867, 74912, 0, 53229, 0, 612561, 580, 44580, 0, 0, 0, 0
1761505911, 2070, 71321, 0, 78112, 0, 613542, 557, 46425, 0, 0, 0, 0
1761505912, 1897, 65793, 0, 79316, 0, 614505, 465, 46969, 0, 0, 0, 0
1761505913, 2341, 71225, 0, 66671, 0, 615263, 541, 39945, 0, 0, 0, 0
1761505914, 2218, 73284, 0, 74638, 0, 616180, 541, 38914, 0, 0, 0, 0
1761505915, 2120, 80751, 0, 89239, 0, 616994, 430, 39565, 0, 0, 0, 0
1761505916, 2939, 71098, 0, 48791, 0, 617711, 425, 39847, 0, 0, 0, 0
1761505917, 2058, 77135, 0, 87374, 0, 618533, 414, 37004, 0, 0, 0, 0
1761505918, 2279, 72693, 0, 72756, 0, 619392, 503, 38402, 0, 0, 0, 0
1761505919, 1943, 74903, 0, 91184, 0, 620273, 436, 39951, 0, 0, 0, 0
1761505920, 2865, 72061, 0, 51490, 0, 621033, 441, 36512, 0, 0, 0, 0
1761505921, 6206, 92848, 0, 22441, 0, 622049, 1030, 46790, 0, 0, 0, 0
1761505922, 3831, 88887, 0, 46621, 0, 623042, 767, 53615, 0, 0, 0, 0
1761505923, 2894, 67912, 0, 48007, 0, 623745, 492, 42477, 0, 0, 0, 0
1761505924, 2389, 62676, 0, 56629, 0, 624759, 484, 40181, 0, 0, 0, 0
1761505925, 2326, 73760, 0, 71114, 0, 625599, 493, 46139, 0, 0, 0, 0
1761505926, 1938, 60001, 0, 70498, 0, 626476, 376, 38736, 0, 0, 0, 0
1761505927, 2011, 69043, 0, 79562, 0, 627476, 463, 44992, 0, 0, 0, 0
1761505928, 2245, 68462, 0, 68422, 0, 628215, 469, 45696, 0, 0, 0, 0
1761505929, 2325, 71691, 0, 70466, 0, 629182, 455, 46961, 0, 0, 0, 0
1761505930, 2201, 70578, 0, 73892, 0, 630195, 633, 46278, 0, 0, 0, 0
1761505931, 2707, 79808, 0, 65139, 0, 631085, 547, 51700, 0, 0, 0, 0
1761505932, 4541, 89076, 0, 36428, 0, 631896, 1311, 46039, 0, 0, 0, 0
1761505933, 8283, 111180, 0, 17855, 0, 632898, 1639, 61142, 0, 0, 0, 0
1761505934, 4340, 82989, 0, 34618, 0, 633629, 602, 53390, 0, 0, 0, 0
1761505935, 3075, 70469, 0, 46586, 0, 634617, 624, 48145, 0, 0, 0, 0
1761505936, 1716, 62806, 0, 87701, 0, 635407, 885, 46858, 0, 0, 0, 0
1761505937, 11095, 131742, 0, 13594, 0, 636333, 3555, 73090, 0, 0, 0, 0
1761505938, 5292, 87480, 0, 27689, 0, 637065, 1111, 55422, 0, 0, 0, 0
1761505939, 5493, 85092, 0, 24798, 0, 638058, 959, 50771, 0, 0, 0, 0
1761505940, 3948, 78440, 0, 37383, 0, 638936, 538, 53041, 0, 0, 0, 0
1761505941, 4236, 85095, 0, 38060, 0, 639760, 671, 57980, 0, 0, 0, 0
1761505942, 4890, 80437, 0, 28030, 0, 640758, 2049, 59653, 0, 0, 0, 0
1761505943, 7784, 102051, 0, 17139, 0, 641588, 1357, 52731, 0, 0, 0, 0
1761505944, 5814, 87505, 0, 23365, 0, 642492, 566, 48121, 0, 0, 0, 0
1761505945, 4414, 80488, 0, 32635, 0, 643480, 550, 50715, 0, 0, 0, 0
1761505946, 11089, 125650, 0, 11998, 0, 644371, 3733, 70637, 0, 0, 0, 0
1761505947, 7486, 100949, 0, 18719, 0, 645166, 1734, 58644, 0, 0, 0, 0
1761505948, 6989, 98428, 0, 20646, 0, 646200, 977, 53193, 0, 0, 0, 0
1761505949, 4609, 77413, 0, 29530, 0, 647002, 618, 47664, 0, 0, 0, 0
1761505950, 3309, 72989, 0, 44816, 0, 647896, 683, 52217, 0, 0, 0, 0
1761505951, 4412, 76941, 0, 30869, 0, 648709, 724, 47634, 0, 0, 0, 0
1761505952, 3964, 80006, 0, 39333, 0, 649631, 608, 54067, 0, 0, 0, 0
1761505953, 3514, 68308, 0, 37315, 0, 650601, 480, 45963, 0, 0, 0, 0
1761505954, 3995, 81375, 0, 40099, 0, 651462, 630, 56717, 0, 0, 0, 0
1761505955, 3518, 73289, 0, 41730, 0, 652360, 628, 51959, 0, 0, 0, 0
1761505956, 3920, 75152, 0, 36147, 0, 653066, 750, 51175, 0, 0, 0, 0
1761505957, 2737, 74044, 0, 61019, 0, 653902, 552, 57479, 0, 0, 0, 0
1761505958, 2018, 61349, 0, 71129, 0, 654852, 452, 48037, 0, 0, 0, 0
1761505959, 2638, 66808, 0, 55158, 0, 655791, 461, 49346, 0, 0, 0, 0
1761505960, 2483, 67171, 0, 61999, 0, 656603, 638, 53376, 0, 0, 0, 0
1761505961, 3180, 67973, 0, 43544, 0, 657343, 499, 48754, 0, 0, 0, 0
1761505962, 2712, 67638, 0, 54487, 0, 658208, 472, 50099, 0, 0, 0, 0
1761505963, 4166, 76535, 0, 34374, 0, 659137, 1261, 53489, 0, 0, 0, 0
1761505964, 5935, 91347, 0, 25438, 0, 660010, 674, 52669, 0, 0, 0, 0
1761505965, 2369, 66516, 0, 64597, 0, 660908, 487, 46658, 0, 0, 0, 0
1761505966, 5185, 94915, 0, 34081, 0, 661867, 939, 55121, 0, 0, 0, 0
1761505967, 5680, 99567, 0, 31756, 0, 662630, 1081, 56431, 0, 0, 0, 0
1761505968, 3220, 69366, 0, 44545, 0, 663433, 594, 42756, 0, 0, 0, 0
1761505969, 5650, 90911, 0, 27544, 0, 663933, 966, 47584, 0, 0, 0, 0
1761505970, 3243, 82616, 0, 56485, 0, 664623, 562, 48913, 0, 0, 0, 0
1761505971, 1833, 68025, 0, 94165, 0, 665230, 415, 45480, 0, 0, 0, 0
1761505972, 4008, 76106, 0, 36253, 0, 666117, 598, 43946, 0, 0, 0, 0
1761505973, 4045, 84262, 0, 42970, 0, 666381, 814, 56199, 0, 0, 0, 0
1761505974, 2619, 75151, 0, 67386, 0, 667041, 469, 47343, 0, 0, 0, 0
1761505975, 3364, 78658, 0, 51088, 0, 667516, 808, 52425, 0, 0, 0, 0
1761505976, 3520, 77264, 0, 45619, 0, 668195, 698, 46959, 0, 0, 0, 0
1761505977, 2602, 73936, 0, 66978, 0, 669041, 780, 49836, 0, 0, 0, 0
1761505978, 3304, 76591, 0, 50398, 0, 669738, 821, 48226, 0, 0, 0, 0
1761505979, 3030, 71888, 0, 52394, 0, 670132, 472, 47003, 0, 0, 0, 0
1761505980, 3877, 82308, 0, 44292, 0, 670986, 716, 48412, 0, 0, 0, 0
1761505981, 3765, 73409, 0, 38910, 0, 671699, 671, 47818, 0, 0, 0, 0
1761505982, 5867, 87476, 0, 23681, 0, 672485, 1060, 49796, 0, 0, 0, 0
1761505983, 3670, 75089, 0, 42211, 0, 673065, 646, 48400, 0, 0, 0, 0
1761505984, 4202, 85391, 0, 41263, 0, 673891, 917, 52074, 0, 0, 0, 0
1761505985, 4226, 81510, 0, 38522, 0, 674486, 532, 43970, 0, 0, 0, 0
1761505986, 2904, 70969, 0, 54832, 0, 675206, 702, 43828, 0, 0, 0, 0
1761505987, 2585, 65177, 0, 57319, 0, 675930, 534, 41045, 0, 0, 0, 0
1761505988, 3519, 86036, 0, 54621, 0, 676220, 486, 51312, 0, 0, 0, 0
1761505989, 3390, 78474, 0, 50135, 0, 676812, 542, 43589, 0, 0, 0, 0
1761505990, 4373, 84456, 0, 39495, 0, 677555, 846, 52240, 0, 0, 0, 0
1761505991, 3684, 74450, 0, 42702, 0, 678374, 607, 43996, 0, 0, 0, 0
1761505992, 2572, 73738, 0, 69143, 0, 679009, 374, 46256, 0, 0, 0, 0
1761505993, 1555, 65280, 0, 113072, 0, 679467, 397, 45082, 0, 0, 0, 0
1761505994, 2604, 68582, 0, 60899, 0, 680290, 441, 42841, 0, 0, 0, 0
1761505995, 2589, 67932, 0, 61731, 0, 681027, 638, 48103, 0, 0, 0, 0
1761505996, 2042, 66187, 0, 82442, 0, 681731, 493, 45157, 0, 0, 0, 0
1761505997, 2293, 73368, 0, 79944, 0, 682147, 654, 48084, 0, 0, 0, 0
1761505998, 2858, 70143, 0, 58048, 0, 682668, 679, 48530, 0, 0, 0, 0
1761505999, 2360, 70785, 0, 73521, 0, 683095, 478, 43660, 0, 0, 0, 0
1761506000, 3379, 82257, 0, 56279, 0, 683442, 661, 49157, 0, 0, 0, 0
1761506001, 3092, 72112, 0, 53236, 0, 684237, 482, 41445, 0, 0, 0, 0
1761506002, 2441, 64896, 0, 63941, 0, 684885, 495, 40702, 0, 0, 0, 0
1761506003, 2199, 78518, 0, 93643, 0, 685307, 470, 52424, 0, 0, 0, 0
1761506004, 1937, 64823, 0, 85612, 0, 685956, 424, 42685, 0, 0, 0, 0
1761506005, 2007, 58488, 0, 72559, 0, 686638, 386, 38467, 0, 0, 0, 0
1761506006, 2224, 64613, 0, 71757, 0, 687342, 466, 41128, 0, 0, 0, 0
1761506007, 2258, 68412, 0, 76118, 0, 688052, 475, 46096, 0, 0, 0, 0
1761506008, 3592, 74899, 0, 44901, 0, 688586, 628, 43532, 0, 0, 0, 0
1761506009, 2838, 71129, 0, 57681, 0, 689226, 585, 45007, 0, 0, 0, 0
1761506010, 2858, 76027, 0, 62031, 0, 690052, 652, 49172, 0, 0, 0, 0
1761506011, 2601, 68250, 0, 62280, 0, 690764, 460, 40806, 0, 0, 0, 0
1761506012, 2159, 67186, 0, 80365, 0, 691212, 463, 42633, 0, 0, 0, 0
1761506013, 3593, 75213, 0, 45309, 0, 691931, 746, 44104, 0, 0, 0, 0
1761506014, 2483, 76812, 0, 78493, 0, 692646, 571, 49280, 0, 0, 0, 0
1761506015, 1784, 65824, 0, 99106, 0, 693428, 433, 44454, 0, 0, 0, 0
1761506016, 2603, 70169, 0, 65838, 0, 694013, 602, 42961, 0, 0, 0, 0
1761506017, 3327, 71440, 0, 47452, 0, 694804, 597, 43080, 0, 0, 0, 0
1761506018, 3722, 79852, 0, 47791, 0, 695420, 729, 46839, 0, 0, 0, 0
1761506019, 3096, 74688, 0, 56615, 0, 696084, 754, 45129, 0, 0, 0, 0
1761506020, 3663, 85599, 0, 53259, 0, 696739, 1171, 54581, 0, 0, 0, 0
1761506021, 2797, 70360, 0, 60107, 0, 697445, 415, 42778, 0, 0, 0, 0
1761506022, 2807, 74022, 0, 64194, 0, 698007, 554, 44340, 0, 0, 0, 0
1761506023, 2801, 70588, 0, 60150, 0, 698887, 517, 44220, 0, 0, 0, 0
1761506024, 2605, 72318, 0, 69086, 0, 699767, 479, 45281, 0, 0, 0, 0
1761506025, 2085, 64972, 0, 80439, 0, 700569, 487, 41000, 0, 0, 0, 0
1761506026, 2613, 70319, 0, 66591, 0, 701286, 571, 43668, 0, 0, 0, 0
1761506027, 2098, 64150, 0, 80003, 0, 701995, 458, 45530, 0, 0, 0, 0
1761506028, 2935, 69715, 0, 57410, 0, 702770, 623, 45834, 0, 0, 0, 0
1761506029, 2149, 67816, 0, 82274, 0, 703459, 445, 43306, 0, 0, 0, 0
1761506030, 3694, 78977, 0, 47676, 0, 703499, 677, 48016, 0, 0, 0, 0
1761506031, 2394, 63558, 0, 66493, 0, 704249, 492, 42274, 0, 0, 0, 0
1761506032, 2059, 74473, 0, 98309, 0, 704844, 503, 53559, 0, 0, 0, 0
1761506033, 2004, 65284, 0, 87035, 0, 705677, 414, 41431, 0, 0, 0, 0
1761506034, 2129, 65596, 0, 80472, 0, 706507, 469, 41715, 0, 0, 0, 0
1761506035, 2103, 63911, 0, 80259, 0, 707274, 426, 43997, 0, 0, 0, 0
1761506036, 2659, 81158, 0, 80229, 0, 707937, 665, 50672, 0, 0, 0, 0
1761506037, 2010, 62155, 0, 80956, 0, 708649, 400, 39407, 0, 0, 0, 0
1761506038, 1842, 56013, 0, 79038, 0, 709385, 466, 40124, 0, 0, 0, 0
1761506039, 1764, 59773, 0, 91861, 0, 710105, 458, 45269, 0, 0, 0, 0
1761506040, 3839, 76796, 0, 44708, 0, 710854, 566, 43111, 0, 0, 0, 0
1761506041, 4337, 74795, 0, 34758, 0, 711563, 566, 47368, 0, 0, 0, 0
1761506042, 2855, 67749, 0, 56621, 0, 712296, 543, 42516, 0, 0, 0, 0
1761506043, 2333, 69133, 0, 76856, 0, 712985, 403, 41058, 0, 0, 0, 0
